FULL NAME,TEAM,POS,AGE,GP,MPG,MIN%,USG%,Tor%,FTA,FT%,2PA,2P%,3PA,3P%,eFG%,TS%,PPG,RPG,TRB%,APG,AST%,SPG,BPG,TOPG,VI,ORTG,DRTG
Aaron Gordon,Orl,F,24.49,58,33,68.7,20.6,10.3,203,0.675,500,0.492,226,0.301,0.479,0.511,14.4,7.6,12.4,3.7,17.2,0.86,0.62,1.62,9,106.4,105.6
Aaron Holiday,Ind,G,23.45,58,23.6,49.1,19.3,12.3,72,0.861,293,0.416,203,0.394,0.488,0.517,9.4,2.3,5.3,3.3,19.5,0.81,0.22,1.28,7,104,106
Abdel Nader,Okc,F,26.46,48,15.8,32.8,16.5,12.7,62,0.774,115,0.53,105,0.371,0.543,0.58,6,1.9,6.6,0.7,6.6,0.42,0.42,0.75,5.1,107.2,104.3
Adam Mokoka,Chi,G,21.65,11,10.2,21.2,12.1,6.3,4,0.5,13,0.462,15,0.4,0.536,0.538,2.9,0.9,4.9,0.4,5,0.36,0,0.18,4,114.1,101.4
Admiral Schofield,Was,G-F,22.95,27,10.8,22.6,12.3,8.1,13,0.692,28,0.571,46,0.304,0.5,0.521,3.1,1.3,6.4,0.5,6.2,0.3,0.11,0.26,4.7,105.8,106.3
Al Horford,Phi,C-F,33.77,60,30.8,64.2,17.6,8.7,73,0.753,390,0.513,264,0.337,0.51,0.526,12,6.9,12.3,4.1,19.2,0.9,0.92,1.08,9.1,114,104.3
Al-Farouq Aminu,Orl,F,29.47,18,21.1,44,13.2,14.7,29,0.655,50,0.32,36,0.25,0.343,0.395,4.3,4.9,12.4,1.2,7.4,1,0.44,0.94,5.6,88,103.3
Alec Burks,Gol,G,28.64,48,29,60.3,23.8,9.8,224,0.897,377,0.424,224,0.375,0.476,0.552,16.1,4.7,8.8,3.1,17.4,1.02,0.33,1.58,8.5,110.3,109.2
Alec Burks,Phi,G,28.64,11,20.1,42,23.6,7.4,27,0.889,51,0.451,49,0.327,0.47,0.527,10.7,3.3,9,1.8,13.5,0.73,0,0.82,7.9,109.3,106
Alen Smailagic,Gol,F,19.56,14,9.9,20.7,18.3,18.5,19,0.842,27,0.63,13,0.231,0.538,0.61,4.2,1.9,10.5,0.9,14.3,0.21,0.29,0.79,7.8,111.9,107.7
Alex Caruso,Lal,G,26.03,58,17.8,37.1,13.9,13.6,76,0.763,153,0.471,107,0.355,0.496,0.538,5.4,1.9,5.9,1.8,12.7,1.03,0.29,0.79,5.9,108.2,101.2
Alex Len,Atl,C,26.74,40,18.6,38.8,18.8,11.9,81,0.63,205,0.624,56,0.25,0.571,0.588,8.7,5.8,16.7,1.1,8.7,0.5,0.83,1,8.2,114.1,104
Alex Len,Sac,C,26.74,9,16.7,34.7,16.7,19.2,10,0.7,42,0.619,0,0,0.619,0.636,6.6,7.1,24,0.6,5.1,0.22,1.44,1.22,7.3,118.6,97.9
Alfonzo McKinnie,Cle,F,27.48,40,14.8,30.9,15.2,12.3,31,0.71,106,0.557,65,0.215,0.468,0.493,4.6,2.8,10.6,0.4,3.3,0.58,0.2,0.65,4.7,98.1,104.8
Alize Johnson,Ind,F,23.89,13,4.1,8.6,16.9,14.5,6,0.667,15,0.467,0,0,0.467,0.51,1.4,1.5,19.5,0.2,5,0,0,0.23,7.3,106.4,99.6
Allen Crabbe,Atl,G-F,27.92,28,18.6,38.8,12.8,7.5,12,0.75,50,0.44,93,0.323,0.469,0.482,5.1,2.3,6.6,1,7.3,0.54,0.14,0.43,4.9,99.8,113.2
Allen Crabbe,Min,G-F,27.92,9,14.6,30.3,12.5,12.5,2,0.5,8,0.625,26,0.231,0.412,0.416,3.2,1.3,4.8,0.6,5.1,0,0,0.56,3.7,80.7,111.2
Allonzo Trier,Nyk,G,24.15,24,12.1,25.2,21.6,15.5,43,0.791,53,0.604,53,0.358,0.571,0.62,6.5,1.3,5.5,1.2,14.8,0.13,0.17,0.96,7.2,113.4,108.9
Amile Jefferson,Orl,F,26.85,18,4.1,8.6,13.5,13,14,0.357,14,0.357,0,0,0.357,0.372,0.8,1.3,16.6,0.2,7.2,0.06,0.17,0.17,5.8,93.5,102.8
Amir Coffey,Lac,G-F,22.74,13,7.5,15.7,15.9,8,3,0.333,26,0.462,7,0.143,0.409,0.408,2.2,1.1,7.4,0.7,12.6,0.08,0.08,0.23,6.4,93.6,100.3
Andre Drummond,Det,C,26.59,49,33.7,70.3,25.5,18,255,0.584,658,0.546,21,0.048,0.531,0.55,17.8,15.8,26.6,2.8,14,1.98,1.67,3.55,11,104,97.5
Andre Drummond,Cle,C,26.59,8,28.1,58.5,28.8,19.2,39,0.513,91,0.593,14,0.286,0.571,0.573,17.5,11.1,22,1.8,10.9,1.5,1.38,3.63,10,99,100.8
Andre Iguodala,Mia,G-F,36.12,14,18.5,38.6,12.3,24.8,8,0.25,27,0.593,24,0.375,0.578,0.559,4.4,3.8,11.5,2,15.1,0.57,1.14,1.29,7,101.2,100.4
Andrew Wiggins,Min,F,25.05,42,34.7,72.2,27.9,10.7,207,0.72,515,0.505,275,0.331,0.502,0.535,22.4,5.2,7.9,3.7,18.1,0.69,0.86,2.52,8.7,104.2,110.6
Andrew Wiggins,Gol,F,25.05,12,33.6,70,25.4,10.4,61,0.672,129,0.512,59,0.339,0.511,0.542,19.4,4.6,7.4,3.6,18.2,1.33,1.33,2.08,8.2,105.8,111.4
Anfernee Simons,Por,G,20.76,65,21.5,44.9,19,9.7,92,0.826,307,0.446,219,0.338,0.471,0.505,8.8,2.3,5.5,1.5,9.4,0.4,0.15,0.94,5.8,101.8,110.6
Ante Zizic,Cle,C,23.18,22,10,20.9,17.5,11.1,19,0.737,72,0.569,0,0,0.569,0.597,4.4,3,16.4,0.3,4.2,0.32,0.23,0.45,6.3,114.6,102.9
Anthony Davis,Lal,F-C,27,55,34.3,71.6,29.7,10.1,457,0.845,800,0.554,194,0.335,0.544,0.614,26.7,9.4,14.9,3.1,14.6,1.49,2.44,2.45,10.7,120.8,99.9
Anthony Tolliver,Por,F,34.78,33,16.8,35,11.2,14.3,19,0.684,28,0.464,89,0.337,0.496,0.515,3.9,3.3,10.3,0.9,6.6,0.24,0.27,0.64,5.4,105.5,108.4
Anthony Tolliver,Sac,F,34.78,9,9.1,18.9,11.7,18.3,2,0.5,2,0.5,15,0.133,0.235,0.252,1,1.2,7.6,0.3,4.6,0.44,0.11,0.44,3.1,56.9,107.2
Anthony Tolliver,Mem,F,34.78,5,19.3,40.1,12,18,4,1,4,0.25,17,0.412,0.548,0.593,5.4,2.4,6.5,0.2,1.3,0.6,0.2,1,2.8,97.8,111.6
Antonius Cleveland,Dal,G,26.11,6,3.7,7.8,15,12.7,2,0.5,5,0.4,1,0,0.333,0.363,0.8,0.5,7,0,0,0.17,0.17,0.17,0,,
Anzejs Pasecniks,Was,C,24.23,23,17.6,36.7,15.6,14.5,54,0.593,104,0.538,2,0,0.528,0.555,6.3,4.3,13.4,0.7,5.8,0.35,0.52,0.96,6.1,109.4,103.1
Aron Baynes,Pho,C-F,33.26,42,22.2,46.3,21.2,10.8,75,0.747,214,0.579,168,0.351,0.556,0.58,11.5,5.7,14.3,1.6,11,0.21,0.55,1.19,8.5,112.5,99.4
Austin Rivers,Hou,G,27.61,60,23.4,48.7,14.9,6.9,90,0.667,200,0.495,232,0.358,0.517,0.538,8.5,2.4,5.3,1.6,9.5,0.7,0.18,0.58,5.5,112.1,107.5
Avery Bradley,Lal,G,29.29,49,24.2,50.4,15.7,10.7,24,0.833,210,0.51,173,0.364,0.526,0.537,8.6,2.3,5.3,1.3,7.1,0.88,0.1,0.96,4.9,103.3,101.8
Bam Adebayo,Mia,C-F,22.65,65,34.4,71.6,20.8,17.4,342,0.69,707,0.576,13,0.077,0.567,0.605,16.2,10.5,17.2,5.1,23.6,1.2,1.31,2.83,11.1,117.3,102.2
Ben McLemore,Hou,G,27.08,63,22.8,47.5,15.6,8.5,62,0.758,80,0.688,390,0.395,0.609,0.622,9.8,2.2,5,0.9,5.3,0.62,0.19,0.73,4.7,118.1,106.6
Ben Simmons,Phi,F,23.64,54,35.8,74.5,20.9,20.5,284,0.627,612,0.587,6,0.333,0.586,0.607,16.7,7.9,12.1,8.2,34.8,2.15,0.59,3.56,11.5,115.8,100.3
Bismack Biyombo,Cha,C,27.54,53,19.4,40.5,16.8,12.2,151,0.603,278,0.543,0,0,0.543,0.57,7.4,5.8,16.3,0.9,7.8,0.19,0.92,0.91,7,115.1,103.3
BJ Johnson,Orl,F,24.22,8,5.8,12,20.5,13.7,2,1,12,0.333,6,0.167,0.306,0.344,1.6,0.8,7,0.3,6.1,0.25,0,0.38,5,69.1,112.9
Blake Griffin,Det,F,30.99,18,28.5,59.3,28.4,12,98,0.776,139,0.439,111,0.243,0.406,0.476,15.5,4.7,9.3,3.3,18,0.39,0.39,2.22,8.7,97.1,111.8
Boban Marjanovic,Dal,C,31.57,35,9.6,20.1,27.9,12.3,47,0.766,157,0.586,15,0.267,0.57,0.602,6.6,4.4,23.8,0.4,6.7,0.2,0.2,0.77,9.4,115.4,95
Bobby Portis,Nyk,F,25.08,66,21.1,44,21.4,10.4,93,0.763,402,0.493,187,0.358,0.507,0.53,10.1,5.1,12.9,1.5,11.1,0.5,0.27,1.11,8.1,106.2,107.6
Bogdan Bogdanovic,Sac,G,27.56,53,28.5,59.4,22.3,11.4,105,0.724,259,0.541,380,0.361,0.541,0.56,14.5,3.2,6.4,3.2,17.2,1.04,0.26,1.66,7.4,108.1,108
Bojan Bogdanovic,Uta,F,30.9,63,33.1,68.9,25.7,13.1,277,0.903,478,0.479,457,0.414,0.548,0.603,20.2,4.1,6.8,2.1,10,0.54,0.11,2.54,6.7,110.6,108.2
Brad Wanamaker,Bos,G,30.63,63,19.3,40.2,15.4,15.9,116,0.931,228,0.452,90,0.367,0.48,0.56,6.6,2,5.5,2.5,17.6,0.81,0.21,1.11,6.6,111.9,101.6
Bradley Beal,Was,G,26.7,57,36,75,34.5,11.5,458,0.843,822,0.515,481,0.353,0.52,0.579,30.6,4.2,6.5,6.1,29.1,1.26,0.4,3.42,10.2,112.8,114.3
Brandon Clarke,Mem,F-G,23.48,50,21.7,45.3,18.9,9.3,93,0.785,354,0.658,52,0.404,0.651,0.673,12,5.8,14,1.4,10.1,0.54,0.84,0.92,8.5,128.3,105.8
Brandon Goodwin,Atl,G,24.44,34,12.7,26.4,22.4,12.5,30,0.933,103,0.485,87,0.299,0.468,0.507,6.1,2.1,9,1.5,18,0.35,0.12,0.85,8.4,100.4,108.9
Brandon Ingram,Nor,F,22.52,56,34.3,71.4,28.2,13.1,330,0.858,652,0.509,354,0.387,0.534,0.59,24.3,6.2,9.6,4.3,19.8,1,0.64,3.09,10.1,111.9,106.5
Brandon Knight,Cle,G,28.28,16,15.1,31.4,19.1,14.9,13,0.308,22,0.409,64,0.297,0.436,0.431,4.9,1.3,4.6,1.9,17.9,0.31,0.13,1,6.1,89.3,111.6
Brandon Knight,Det,G,28.28,9,24.6,51.2,22.2,19.6,21,0.762,14,0.357,67,0.388,0.543,0.576,11.6,2.3,5.4,4.2,25.6,0.56,0.11,2.44,7.8,105.7,108.2
Brian Bowen II,Ind,F-G,21.44,5,5.8,12,15.3,10,0,0,7,0.286,2,0,0.222,0.222,0.8,1.4,13.4,0,0,0,0.2,0.2,0,49.5,104.8
Brook Lopez,Mil,C,31.94,61,26.6,55.4,17.5,9.2,121,0.81,287,0.557,284,0.296,0.501,0.537,11,4.5,8.3,1.6,7.8,0.7,2.44,1.03,6.5,106.1,96.5
Bruce Brown,Det,G-F,23.57,58,28.2,58.7,16,16.8,119,0.739,351,0.47,96,0.344,0.48,0.518,8.9,4.7,9.5,4,20.4,1.09,0.5,1.74,7.8,105.8,105.2
Bruno Caboclo,Mem,F,24.47,22,8.7,18.2,16.8,9.1,3,0.667,44,0.545,25,0.16,0.435,0.441,2.8,2,12,0.5,7,0.45,0.55,0.32,6.5,96.6,100.9
Bruno Caboclo,Hou,F,24.47,5,5.5,11.5,16.2,18.4,2,1,5,0.8,3,0,0.5,0.563,2,1.8,17,0.4,10.2,0.4,0.8,0.4,8.2,118.1,103.9
Bruno Fernando,Atl,F-C,21.57,56,12.7,26.5,15.3,15.9,51,0.569,162,0.605,37,0.135,0.53,0.542,4.3,3.5,15,0.9,9.9,0.32,0.3,0.75,7.5,106.6,102.4
Bryn Forbes,San,G,26.64,63,25.1,52.2,18.6,8.4,90,0.833,200,0.47,381,0.388,0.544,0.57,11.2,2,4.3,1.7,9.6,0.52,0,0.9,5.4,109.3,111.9
Buddy Hield,Sac,G,26.23,64,32,66.6,27.1,11.8,131,0.855,445,0.476,618,0.395,0.544,0.566,19.8,4.8,8.5,3.1,15.8,0.95,0.27,2.34,8.3,106.9,108.2
Caleb Martin,Cha,F,24.45,18,17.6,36.7,15,13.9,21,0.81,47,0.362,37,0.541,0.56,0.595,6.2,2.1,6.6,1.3,11.1,0.67,0.39,0.83,5.8,112.8,105.9
Caleb Swanigan,Sac,F,22.9,7,3.3,6.8,20.8,55.1,2,0.5,4,0.5,0,0,0.5,0.512,0.7,1,17.3,0.3,11.8,0.14,0.29,0.86,7.2,,
Caleb Swanigan,Por,F,22.9,20,13.3,27.6,12.9,38.5,15,0.533,41,0.634,2,0,0.605,0.605,3,4.7,18.2,1.5,14.2,0.1,0.25,1.55,8.3,98,93.5
Cam Reddish,Atl,F-G,20.53,58,26.7,55.7,18.9,13.5,126,0.802,304,0.428,250,0.332,0.459,0.5,10.5,3.7,7.5,1.5,8,1.07,0.48,1.64,5.8,94.6,110.5
Cameron Johnson,Pho,F,24.02,49,20.3,42.3,16,7.7,46,0.761,96,0.469,229,0.397,0.558,0.576,8.1,2.9,7.8,1.1,7.4,0.59,0.33,0.59,5.8,113.3,108.6
Caris LeVert,Bro,G,25.55,39,29,60.4,28.8,12.6,161,0.72,420,0.429,189,0.381,0.473,0.509,17.7,4.1,7.2,4.1,23.5,1.13,0.18,2.51,9.2,101.2,105.8
Carmelo Anthony,Por,F,35.78,50,32.5,67.6,21.6,10.5,134,0.843,485,0.447,194,0.371,0.479,0.517,15.3,6.3,10,1.6,7,0.8,0.46,1.74,6.6,102,108.7
Carsen Edwards,Bos,G,22,35,9,18.8,18.1,11.2,13,0.846,45,0.356,68,0.309,0.42,0.446,3,1.2,7.3,0.6,9.5,0.29,0.09,0.43,5.7,92,100.7
Cedi Osman,Cle,F,24.93,65,29.4,61.2,16.6,12.3,94,0.67,288,0.497,321,0.383,0.538,0.552,11,3.6,6.7,2.4,11.6,0.83,0.25,1.4,6.2,107.3,110.3
Chandler Hutchison,Chi,F-G,23.87,28,18.8,39.2,19.1,11.4,78,0.59,137,0.496,38,0.316,0.491,0.521,7.8,3.9,11.3,0.9,7.4,0.96,0.25,0.96,6.4,100.8,103.3
Chandler Parsons,Atl,F,31.38,5,10.8,22.6,16.1,14.3,0,0,4,0.25,14,0.286,0.389,0.389,2.8,1.4,7,0.6,7.4,0.8,0.2,0.6,4.9,76.7,111.9
Charles Brown Jr.,Atl,G,22.1,10,4.1,8.4,24.8,12.4,5,1,10,0.3,9,0.333,0.395,0.472,2,0.4,5.3,0.2,7.2,0.2,0.2,0.3,5.3,92.9,113
Chasson Randle,Gol,G,27.1,3,13.5,28.1,7,0,6,0.833,2,0,2,0,0,0.377,1.7,0.7,2.7,1.7,15.5,0.67,0,0,3.7,112.8,111
Cheick Diallo,Pho,F-C,23.49,44,10.6,22.1,16.7,16.4,37,0.865,135,0.652,2,0.5,0.653,0.688,4.8,2.9,15.1,0.5,7.2,0.23,0.27,0.68,7.2,119.2,101.7
Chimezie Metu,San,F-C,22.97,16,4.5,9.4,26.1,11.5,8,0.75,34,0.588,1,0,0.571,0.597,2.9,1.6,19.3,0.4,14,0.06,0.25,0.31,10.9,117.3,110.2
Chris Boucher,Tor,F-C,27.16,55,13.2,27.4,19.4,7,103,0.796,161,0.565,99,0.283,0.512,0.57,6.3,4.4,17.7,0.4,4.7,0.38,0.98,0.42,6.8,121.7,92.2
Chris Chiozza,Was,G,24.31,10,12.3,25.5,14.6,20.9,0,0,18,0.167,16,0.438,0.397,0.397,2.7,1.5,6.7,2.8,29,1,0.2,0.9,7.3,91.2,106.9
Chris Chiozza,Bro,G,24.31,11,11.4,23.8,17.9,14.8,2,1,20,0.55,25,0.44,0.611,0.621,5.2,1.8,8.2,1.8,24.5,0.45,0,0.73,9,120.5,103
Chris Clemons,Hou,G,22.64,29,8.7,18,24,11.6,7,0.857,32,0.563,94,0.351,0.536,0.546,4.9,0.8,4.8,0.8,13.5,0.17,0.14,0.59,6.7,103.5,108.2
Chris Paul,Okc,G,34.85,63,31.8,66.3,23.2,13,250,0.9,526,0.557,279,0.362,0.552,0.609,17.7,5,8.6,6.8,33.4,1.56,0.14,2.17,10.6,121.1,103.6
Chris Silva,Mia,F,23.48,41,7.5,15.6,17.6,26.1,49,0.694,67,0.642,2,0,0.623,0.663,2.9,2.7,19.9,0.5,10.2,0.2,0.44,0.78,8.4,118.7,83.4
Christian Wood,Det,F,24.46,62,21.4,44.5,23,12,243,0.745,368,0.636,140,0.386,0.62,0.659,13.1,6.3,16.7,1,7.6,0.55,0.89,1.35,8.1,122.2,106.3
CJ McCollum,Por,G,28.48,62,36,74.9,26.7,8.3,164,0.75,754,0.497,458,0.38,0.525,0.543,22.5,4.1,5.9,4.3,19.3,0.74,0.63,1.87,8.2,110.5,112.6
CJ Miles,Was,G,32.98,10,16.1,33.5,18.6,5.6,20,0.75,24,0.333,35,0.314,0.415,0.472,6.4,1.2,4.1,1.2,9.9,1,0.4,0.4,5.2,102.9,111.2
Clint Capela,Hou,C,25.82,39,32.8,68.3,16,12.7,104,0.529,388,0.629,0,0,0.629,0.626,13.9,13.8,22,1.2,5.7,0.87,1.79,1.62,7.5,123.4,101.8
Coby White,Chi,G,20.07,65,25.8,53.7,24.4,11.4,129,0.791,416,0.43,376,0.354,0.478,0.506,13.2,3.6,7.6,2.7,16.6,0.75,0.09,1.68,7.8,99.8,108.3
Cody Martin,Cha,F,24.45,48,18.8,39.2,13.6,15.7,65,0.646,130,0.546,77,0.234,0.473,0.505,5,3.3,9.6,2,15.8,0.81,0.19,0.92,6.8,104.3,105.9
Cody Zeller,Cha,C,27.43,58,23.1,48.2,20.8,11.8,179,0.682,405,0.575,75,0.24,0.542,0.574,11.1,7.1,16.8,1.5,11.3,0.69,0.43,1.29,8.5,114.9,103
Collin Sexton,Cle,G,21.18,65,33,68.7,27.2,11.6,267,0.846,832,0.5,255,0.38,0.517,0.56,20.8,3.2,5.3,3,15.1,1.02,0.11,2.43,7.1,108.1,112.9
Cory Joseph,Sac,G,28.56,64,24,50.1,13,14,58,0.828,235,0.46,134,0.351,0.484,0.513,6.3,2.5,6,3.4,19.4,0.72,0.33,1,6.3,110.6,108.6
Courtney Lee,Dal,G,34.44,24,14.4,30,11.9,11.4,7,0.857,35,0.543,47,0.447,0.616,0.629,4.5,1.3,4.8,0.5,4.7,0.75,0.25,0.46,4,116.1,104.1
Cristiano Felicio,Chi,F-C,27.68,22,17.5,36.5,9.1,21.9,23,0.783,52,0.654,2,0,0.63,0.671,3.9,4.6,14.6,0.7,5.7,0.45,0.09,0.82,5.3,128.1,106.4
D.J. Augustin,Orl,G,32.34,49,24.8,51.7,19,12.9,157,0.885,223,0.43,174,0.345,0.469,0.548,10.4,2.2,4.8,4.6,26.7,0.59,0.02,1.41,7.6,114,110.2
D.J. Wilson,Mil,F-C,24.06,31,9,18.8,17.7,12.5,9,0.667,46,0.565,55,0.255,0.465,0.476,3.2,2.2,12,0.7,10.3,0.06,0.16,0.48,7.6,95.1,96
D'Angelo Russell,Gol,G,24.05,33,32.1,66.9,32.2,12.6,144,0.785,314,0.487,321,0.374,0.524,0.558,23.6,3.7,6.2,6.2,35.9,0.91,0.27,3.06,10.2,106.3,112.3
D'Angelo Russell,Min,G,24.05,12,32.6,68,29.5,16.7,55,0.873,100,0.49,110,0.345,0.505,0.555,21.7,4.6,7.4,6.6,33.1,1.42,0.33,3.92,10.7,104.7,110.2
Damian Jones,Atl,C,24.7,55,16.1,33.6,11.4,11.5,84,0.738,169,0.704,9,0.222,0.685,0.712,5.6,3.7,12.5,0.6,5.6,0.47,0.73,0.51,5.8,136.7,101.2
Damian Lillard,Por,G,29.66,58,36.9,76.9,30.2,11,438,0.888,588,0.519,573,0.394,0.555,0.619,28.9,4.3,6.1,7.8,34.1,1.02,0.36,2.9,10.7,124.5,114.9
Damion Lee,Gol,G-F,27.39,49,29,60.5,19,10.6,126,0.873,272,0.471,239,0.356,0.5,0.548,12.7,4.9,9.1,2.7,14.4,1.02,0.12,1.37,7.6,107.6,108.4
Damyean Dotson,Nyk,G,25.85,48,17.4,36.3,16.5,6.5,33,0.667,127,0.48,163,0.362,0.516,0.527,6.7,1.9,5.8,1.2,10,0.48,0.08,0.44,5.7,109.1,112.8
Daniel Gafford,Chi,F-C,21.44,43,14.2,29.5,13.3,15.3,60,0.533,134,0.701,0,0,0.701,0.686,5.1,2.5,9.6,0.5,5.2,0.3,1.3,0.67,5.2,123.4,99.2
Daniel Theis,Bos,F,27.94,58,23.8,49.7,14.7,10.1,106,0.764,301,0.631,81,0.321,0.599,0.629,9.3,6.5,14.7,1.6,9.9,0.6,1.29,0.83,7.7,129,94.5
Danilo Gallinari,Okc,F,31.59,55,30.7,64,24.4,7.5,264,0.886,346,0.474,403,0.409,0.549,0.611,19.2,5.5,9.8,2.1,10.5,0.73,0.07,1.27,7.9,119.5,107.8
Danny Green,Lal,G,32.72,61,25.1,52.2,13.8,10.8,44,0.727,126,0.516,299,0.378,0.552,0.564,8.2,3.4,7.4,1.4,7.3,1.23,0.46,0.89,5.4,110.4,101.2
Dante Exum,Uta,G,24.66,11,7.6,15.8,17.9,29.5,2,1,17,0.471,6,0.333,0.478,0.503,2.2,1.1,7.9,0.6,11.8,0.09,0.18,0.91,6,83.1,103.7
Dante Exum,Cle,G,24.66,24,16.8,34.9,14.4,15.6,41,0.732,59,0.559,37,0.351,0.547,0.592,5.6,2.3,7.7,1.4,11.4,0.46,0.25,0.88,6.2,112.2,110.9
Danuel House Jr.,Hou,F-G,26.76,58,30,62.5,13.5,8.6,85,0.8,171,0.544,311,0.363,0.545,0.571,10.2,4.2,7.4,1.3,6.1,1.1,0.55,0.84,5.1,115,107.5
DaQuan Jeffries,Sac,G-F,22.53,6,3.2,6.7,15.7,0,0,0,3,0.667,4,0.25,0.5,0.5,1.2,0.2,2.9,0.2,7.6,0.17,0,0,4.5,,
Dario Saric,Pho,F,25.93,58,24.9,51.8,17.2,12.3,95,0.832,256,0.563,214,0.341,0.539,0.572,10.1,5.9,13.3,1.9,10.9,0.59,0.26,1.24,7.8,111.8,105
Darius Bazley,Okc,F-G,19.75,53,17.2,35.7,14.1,13.8,47,0.681,130,0.446,100,0.3,0.448,0.475,4.5,3.7,12,0.5,4.3,0.38,0.66,0.75,4.7,90.2,105.8
Darius Garland,Cle,G,20.12,59,30.9,64.4,20.6,17.1,72,0.875,402,0.435,296,0.355,0.476,0.499,12.3,1.9,3.3,3.9,18.5,0.69,0.07,2.54,5.8,95.8,115.7
Daryl Macon,Mia,G,24.28,4,3.5,7.3,15.6,40,0,0,1,0,2,0.5,0.5,0.5,0.8,0,0,0.3,9.5,0,0,0.5,0,,
David Nwaba,Bro,G-F,27.16,20,13.4,28,14.2,8.8,27,0.667,43,0.581,28,0.429,0.606,0.627,5.2,2.3,8.6,0.4,4.4,0.55,0.6,0.4,5,119.7,98.7
Davis Bertans,Was,F,27.33,54,29.3,61.1,19,8.2,122,0.852,138,0.471,472,0.424,0.598,0.628,15.4,4.5,8.5,1.7,8.3,0.69,0.61,1.09,6.7,119.7,111.1
De'Aaron Fox,Sac,G,22.23,45,31.7,66,29.6,14.7,306,0.703,539,0.523,153,0.307,0.509,0.556,20.4,4,7.1,6.7,35.3,1.42,0.51,3.16,10.3,109.9,105.6
De'Andre Hunter,Atl,F-G,22.28,63,32,66.7,17.5,12.1,144,0.764,379,0.454,304,0.355,0.489,0.521,12.3,4.5,7.6,1.8,7.9,0.7,0.29,1.63,5.8,99.2,110.9
De'Anthony Melton,Mem,G,21.79,52,19.4,40.5,19.7,16.3,106,0.821,236,0.47,117,0.316,0.472,0.525,8.1,3.7,10,3,20.9,1.25,0.35,1.5,9.2,104.7,103
Dean Wade,Cle,F-C,23.31,12,6,12.4,9.8,18.2,1,0,9,0.778,4,0.5,0.769,0.744,1.7,1.6,14.8,0.2,4,0.17,0.33,0.25,5.4,121.4,104
Deandre Ayton,Pho,C,21.64,30,33.2,69.2,24.3,12.4,78,0.769,462,0.552,3,0,0.548,0.571,19,12,20.1,1.9,9.7,0.7,1.7,2.37,9.1,109.3,102.9
DeAndre Jordan,Bro,C,31.64,56,22,45.9,14.1,17.8,122,0.68,287,0.666,0,0,0.666,0.682,8.3,10,23.4,1.9,12.8,0.32,0.93,1.32,9.8,127.2,97.5
DeAndre' Bembry,Atl,G-F,25.69,43,21.3,44.4,14,19.4,48,0.542,163,0.546,65,0.231,0.489,0.5,5.8,3.5,8.9,1.9,12.2,1.28,0.44,1.4,6.3,94.5,108.2
Dejounte Murray,San,G,23.48,58,25,52,20.6,15.7,94,0.798,447,0.494,90,0.378,0.507,0.535,10.7,5.8,12.5,4.1,23.7,1.72,0.28,1.86,10.1,106.5,104
Delon Wright,Dal,G,27.87,65,21.7,45.3,14.8,13.9,90,0.789,264,0.508,118,0.381,0.527,0.562,7.3,4,9.6,3.4,21.2,1.15,0.32,1.05,8.5,120.1,106.2
DeMar DeRozan,San,F,30.6,61,34.3,71.4,26.6,11.5,400,0.843,926,0.535,30,0.267,0.53,0.597,22.1,5.7,8.9,5.6,26,1.02,0.23,2.41,10.4,117.2,108.7
DeMarre Carroll,San,F,33.63,15,9,18.8,15.4,20.9,20,0.6,16,0.375,13,0.231,0.362,0.437,2.2,2.1,12.4,0.7,10.2,0.13,0.13,0.67,6.6,88.1,101.2
DeMarre Carroll,Hou,F,33.63,6,16,33.2,16.4,15.8,16,0.75,11,0.727,14,0.286,0.56,0.624,6.7,2.7,8.8,1.2,10.1,0.33,0.33,1,7,117.7,106.4
Dennis Schroder,Okc,G,26.49,63,31,64.5,27.2,13.2,230,0.839,625,0.512,320,0.381,0.532,0.573,19,3.7,6.6,4.1,21.6,0.7,0.22,2.52,8.5,107.8,105.9
Dennis Smith Jr.,Nyk,G,22.29,34,15.8,32.9,23.1,19.8,53,0.509,157,0.357,54,0.296,0.379,0.399,5.5,2.3,7.7,2.9,26.3,0.82,0.24,1.71,8.4,83.8,103.1
Denzel Valentine,Chi,G,26.32,36,13.6,28.2,23.3,9.8,8,0.75,100,0.51,137,0.336,0.506,0.511,6.8,2.1,8.4,1.2,14.2,0.72,0.17,0.72,7.6,99.9,102.5
Deonte Burton,Okc,G-F,26.11,34,8.4,17.4,19.3,11.3,12,0.5,59,0.492,46,0.217,0.419,0.426,2.8,1.4,9.4,0.3,5.6,0.12,0.29,0.41,5,82.6,102.4
Derrick Favors,Nor,F,28.66,45,24.2,50.4,14.3,13.3,62,0.581,297,0.633,7,0.143,0.623,0.626,9.2,9.8,21.4,1.7,9.8,0.56,0.98,1.13,8.8,124.7,103.2
Derrick Jones Jr.,Mia,F,23.07,51,24.5,51,14.1,6.8,113,0.779,197,0.67,126,0.27,0.567,0.609,8.9,4.2,9.6,1.1,6.7,1.08,0.69,0.53,5.6,124.2,102.5
Derrick Rose,Det,G,31.43,50,26,54.1,31.6,13.4,139,0.871,606,0.535,147,0.306,0.52,0.555,18.1,2.4,5.3,5.6,40.5,0.8,0.34,2.52,9.6,109.2,114
Derrick Walton Jr.,Lac,G,24.95,23,9.6,20.1,8.2,9.1,9,0.778,15,0.533,21,0.429,0.597,0.626,2.2,0.7,3.5,1,12.6,0.17,0,0.17,4.8,132.3,105.1
Derrick Walton Jr.,Det,G,24.95,3,8.8,18.3,6.6,25,0,0,0,0,3,0.333,0.5,0.5,1,0.3,2.1,1.7,24.4,1,0,0.33,3.6,117,105.8
Derrick White,San,G,25.69,61,24.1,50.1,18.2,12.2,175,0.857,304,0.513,160,0.356,0.52,0.585,10.4,3.1,7,3.4,19.5,0.66,0.89,1.23,7.9,116.8,108.3
Devin Booker,Pho,G,23.36,62,36.1,75.3,29.5,15.7,442,0.916,768,0.544,350,0.36,0.543,0.617,26.1,4.1,6.4,6.6,30.2,0.71,0.26,3.94,9.9,114.1,108
Devon Hall,Okc,G,24.68,5,3.9,8.2,17.4,12.9,4,0.75,3,0.333,2,0,0.2,0.37,1,0.2,2.8,0.6,19.4,0,0,0.2,5.1,,
Devonte' Graham,Cha,G,25.05,63,35.1,73.1,24.8,14.5,233,0.82,378,0.397,585,0.373,0.495,0.537,18.2,3.3,5.2,7.5,35.4,0.98,0.24,2.87,8.7,109.2,112.4
Dewan Hernandez,Tor,C-F,23.25,4,2.9,5.9,25.8,14.5,2,1,4,0.25,1,0,0.2,0.34,1,1.8,32.4,0,0,0.25,0,0.25,0,,
Dewayne Dedmon,Sac,C,30.58,34,15.9,33.1,18.6,20.4,28,0.821,100,0.55,71,0.197,0.444,0.477,5.1,4.9,17.4,0.4,3.9,0.44,0.76,1.38,5.4,88.3,94.2
Dewayne Dedmon,Atl,C,30.58,10,23.3,48.6,17.4,10.3,8,0.875,48,0.521,36,0.222,0.44,0.463,8.1,8.2,18.9,0.7,4.3,1,1.5,1,6.2,93.4,95.8
Dillon Brooks,Mem,G-F,24.13,65,28.5,59.3,24.9,9.7,178,0.809,565,0.425,359,0.368,0.474,0.509,15.7,3.3,6,2,10,0.88,0.38,1.66,6.6,100,102.5
Dion Waiters,Mia,G,28.25,3,14,29.2,30.8,10.2,1,0,9,0.222,17,0.471,0.538,0.53,9.3,3.7,14.7,1,12.4,0,0.67,1,9.3,93.3,98.7
Domantas Sabonis,Ind,F-C,23.86,62,34.8,72.5,23.4,14.9,296,0.723,780,0.565,67,0.254,0.551,0.587,18.5,12.4,19.7,5,21.7,0.73,0.48,2.76,12,115.1,99.4
Donovan Mitchell,Uta,G,23.51,63,34.4,71.6,31,10.9,290,0.859,807,0.501,428,0.364,0.517,0.56,24.2,4.4,7,4.2,21.2,1.05,0.19,2.65,8.9,109.6,105.3
Donta Hall,Det,F,22.6,4,12,24.9,7.9,23.1,6,0.667,4,0.25,0,0,0.25,0.452,1.5,3.8,17.8,0.5,5.3,0.25,0.25,0.5,4.7,109.5,95
Donte DiVincenzo,Mil,G,23.11,59,23.1,48.1,16.9,12.9,78,0.769,231,0.576,221,0.344,0.546,0.57,9.4,4.9,10.5,2.3,13.3,1.37,0.32,1.22,8.2,111.6,95.9
Dorian Finney-Smith,Dal,F,26.86,64,29.7,61.8,12.7,11.2,97,0.722,192,0.599,265,0.374,0.577,0.597,9.3,5.5,9.7,1.5,6.8,0.69,0.58,0.98,5.7,120.7,106
Doug McDermott,Ind,F,28.19,62,20,41.7,19.6,7.2,52,0.827,226,0.544,265,0.445,0.611,0.626,10.4,2.5,6.9,1.1,8.3,0.15,0.08,0.65,6.1,117.6,105.7
Dragan Bender,Mil,F,22.32,7,13,27,12.4,18.3,3,0.667,12,0.5,9,0.444,0.571,0.582,3.7,2.9,10.9,1.3,12.5,0,0.71,0.71,7.4,104.9,87.5
Dragan Bender,Gol,F,22.32,9,21.6,45.1,20.1,17.4,11,0.727,37,0.541,34,0.324,0.514,0.534,9,5.9,14.7,2.1,15.3,0.44,0.44,1.78,8.9,100.5,102.4
Draymond Green,Gol,F,30.02,43,28.4,59.2,15.7,21.8,83,0.759,186,0.468,129,0.279,0.448,0.491,8,6.2,11.8,6.2,31.2,1.37,0.77,2.28,9.5,100.2,105.2
Drew Eubanks,San,F-C,23.11,14,9.3,19.4,14.3,23.3,11,0.727,27,0.741,1,1,0.768,0.776,3.6,2.5,14.5,0.4,5.4,0.14,0.43,0.71,6.6,121.4,99
Duncan Robinson,Mia,F,25.89,65,30,62.5,15.7,8.5,53,0.906,70,0.614,543,0.448,0.665,0.678,13.3,3.3,6.1,1.4,7,0.54,0.23,0.91,5.3,121.7,104.8
Dusty Hannahs,Mem,G,26.52,2,6.7,14,30.7,0,2,1,6,0.333,3,0.667,0.556,0.607,6,0.5,3.9,0,0,0,0,0,0,120.3,111
Dwayne Bacon,Cha,G-F,24.53,39,17.6,36.7,19.5,12.2,53,0.66,177,0.373,67,0.284,0.387,0.419,5.7,2.6,8,1.3,11.7,0.59,0.05,0.95,6.1,86.1,107.9
Dwight Howard,Lal,C-F,34.26,62,19.2,40.1,14.5,18,180,0.494,252,0.734,5,0.6,0.737,0.696,7.5,7.4,20.9,0.7,4.8,0.45,1.23,1.19,7.1,124.2,89.8
Dwight Powell,Dal,F-C,28.64,40,26.5,55.2,12.7,11.8,111,0.667,190,0.716,39,0.256,0.659,0.677,9.4,5.7,11.2,1.5,7.7,0.88,0.53,0.93,6.5,132.3,103.1
Dzanan Musa,Bro,G-F,20.84,35,11.6,24.1,19.4,15.5,44,0.75,74,0.473,65,0.231,0.414,0.467,4.2,2,9,0.9,11,0.37,0.03,0.83,6.8,93,105.7
E'Twaun Moore,Nor,G,31.04,51,18.8,39.1,19.9,8.1,43,0.674,250,0.456,160,0.375,0.498,0.509,8.6,2.4,6.8,1.4,10.9,0.55,0.2,0.75,6.5,103.4,108.4
Ed Davis,Uta,F,30.77,25,10.7,22.3,8.5,25.1,11,0.455,34,0.412,0,0,0.412,0.425,1.3,3.8,19.4,0.3,3.8,0.4,0.36,0.52,4.3,97.6,86.6
Edmond Sumner,Ind,G,24.2,25,13.8,28.8,17.3,13.3,15,0.667,73,0.507,38,0.263,0.468,0.485,4.6,1.4,5.7,1.6,15.3,0.6,0.32,0.72,6.3,98.3,102.5
Elfrid Payton,Nyk,G,26.05,45,27.7,57.7,19.5,16.6,86,0.57,371,0.482,69,0.203,0.455,0.47,10,4.7,9,7.2,38.6,1.58,0.38,2.11,10.1,104.4,107.8
Elie Okobo,Pho,F-G,22.38,54,13.1,27.3,14.9,15.3,67,0.687,110,0.427,71,0.352,0.467,0.511,4,1.6,6.9,2.1,21.5,0.46,0.07,0.7,7.3,107.1,107.9
Emmanuel Mudiay,Uta,G,24.02,48,15.7,32.6,22.4,17,69,0.754,212,0.514,76,0.355,0.519,0.551,7.3,2.4,8.4,2.2,21.8,0.4,0.21,1.35,8.6,104.9,103.5
Enes Kanter,Bos,C,27.81,51,17.5,36.4,19.3,12.9,89,0.708,304,0.576,7,0.143,0.568,0.594,8.2,7.7,23.7,1,8.4,0.43,0.75,1.02,9.1,120.3,97
Eric Bledsoe,Mil,G,30.26,56,27.2,56.7,24.1,15.8,193,0.813,462,0.539,201,0.348,0.534,0.578,15.4,4.7,8.5,5.4,28.5,0.93,0.45,2.5,10.8,112.1,97.3
Eric Gordon,Hou,G,31.21,34,28.6,59.6,22.1,6.9,103,0.757,150,0.467,288,0.319,0.475,0.511,14.5,1.9,3.5,1.5,7.8,0.65,0.32,1.06,4.8,103.2,109.7
Eric Mika,Sac,C,25.18,1,19.1,39.8,8.9,0,2,1,3,0.667,0,0,0.667,0.773,6,7,20.6,0,0,0,0,0,0,170.9,84.8
Eric Paschall,Gol,F,23.35,60,27.6,57.4,21.4,11.3,212,0.774,512,0.549,129,0.287,0.525,0.57,14,4.6,9,2.1,12.7,0.53,0.22,1.57,7.4,109.6,110.8
Ersan Ilyasova,Mil,F,32.83,56,16,33.3,16.4,9.3,75,0.827,166,0.548,124,0.371,0.552,0.591,6.8,4.9,15.2,0.8,7,0.41,0.25,0.59,7.5,118.6,93.6
Evan Fournier,Orl,G-F,27.37,61,31.7,65.9,24.2,11,205,0.82,464,0.524,406,0.406,0.564,0.598,18.8,2.6,4.4,3.2,16.5,1.15,0.23,1.95,6.8,112.2,105.9
Evan Turner,Atl,G-F,31.37,19,13.2,27.6,16.4,26.2,14,0.857,62,0.403,5,0,0.373,0.424,3.3,2,8.1,2,20.5,0.47,0.42,1.37,7.2,83.3,111.2
Frank Jackson,Nor,G,21.86,51,12.9,26.8,20.4,13.1,64,0.75,137,0.438,120,0.325,0.461,0.5,5.6,1.4,5.7,0.8,8.6,0.29,0.08,0.84,5.7,96.2,107
Frank Kaminsky,Pho,F-C,26.94,32,22.4,46.7,20.8,9.4,88,0.67,167,0.527,112,0.348,0.525,0.554,11,4.9,12.2,2.2,14.8,0.44,0.31,1.03,8.8,111,104.7
Frank Mason,Mil,G,25.94,6,8.8,18.3,21,22.4,4,0.5,9,0.333,10,0.2,0.316,0.337,2.3,1.3,7.5,1.8,25.8,0.33,0,1,8,79.7,98.6
Frank Ntilikina,Nyk,G,21.62,57,20.8,43.4,15.4,16.5,59,0.864,196,0.444,137,0.321,0.459,0.497,6.3,2.1,5.4,3,20.2,0.95,0.28,1.25,6.6,102.2,104.4
Fred VanVleet,Tor,G,26.04,48,35.8,74.6,22,12.2,166,0.843,363,0.43,338,0.388,0.503,0.546,17.6,3.8,5.5,6.6,27.4,1.83,0.27,2.25,8.5,111.6,102.9
Furkan Korkmaz,Phi,G-F,22.63,64,21.8,45.5,18.5,8.7,72,0.736,198,0.485,317,0.397,0.553,0.57,9.7,2.3,5.8,1.1,7.3,0.56,0.23,0.81,5.3,108.3,107.1
Gabe Vincent,Mia,G,23.74,6,6.9,14.4,20.1,0,0,0,3,0,16,0.25,0.316,0.316,2,0.5,4,0.5,10,0.17,0,0,4.6,75.2,110.1
Garrett Temple,Bro,G-F,33.84,55,28.1,58.6,16.6,9.3,73,0.767,178,0.483,346,0.324,0.485,0.507,10.3,3.5,6.3,2.6,13.1,0.8,0.47,1.04,6.5,104.8,106.6
Garrison Mathews,Was,G,23.38,18,12.6,26.3,14.5,10.1,34,0.912,10,0.5,46,0.413,0.598,0.691,5.4,1.3,5.8,0.6,5.8,0.44,0.06,0.44,5.1,132.2,106.3
Gary Clark,Hou,F,25.32,18,11.8,24.5,12.5,3.1,7,0.857,8,0.625,51,0.353,0.542,0.564,3.9,2.2,9.9,0.7,7.6,0.11,0.39,0.11,6.2,126.1,105.1
Gary Clark,Orl,F,25.32,17,12.6,26.2,9.3,6.5,2,1,7,0.714,35,0.286,0.476,0.49,2.5,2.6,11.3,0.2,1.9,0.18,0.41,0.18,3.5,109.5,108.9
Gary Harris,Den,G,25.49,56,31.8,66.2,15.1,9.7,92,0.815,309,0.479,210,0.333,0.487,0.519,10.4,2.9,5.1,2.1,8.9,1.36,0.25,1.07,5,104.7,107.8
Gary Payton II,Was,G,27.28,29,14.9,31,13.4,14.3,8,0.5,70,0.5,46,0.283,0.47,0.473,3.9,2.8,10.2,1.7,14.7,1.14,0.24,0.69,7.1,102.8,104.3
Gary Trent Jr.,Por,G-F,21.15,53,20,41.7,15.4,4.9,36,0.833,149,0.477,201,0.388,0.537,0.555,7.7,1.7,4.3,0.9,6.5,0.74,0.25,0.36,4.6,114.8,113.4
George Hill,Mil,G,33.86,52,21.2,44.2,15.8,11.6,83,0.831,184,0.571,152,0.48,0.638,0.668,9.6,3,6.9,2.9,18.4,0.81,0.08,0.94,8.2,131.2,99.4
Georges Niang,Uta,F,26.74,58,13.3,27.7,17.1,8.6,22,0.864,80,0.538,185,0.416,0.598,0.612,5.8,1.9,7.7,0.6,6.5,0.22,0.09,0.45,5.6,115.6,104.5
Giannis Antetokounmpo,Mil,F,25.26,57,30.9,64.4,37.4,13.1,570,0.633,868,0.622,271,0.306,0.583,0.608,29.6,13.7,21.9,5.8,33.9,1.05,1.02,3.67,17.2,115.8,89.7
Glenn Robinson III,Gol,F,26.17,48,31.6,65.8,16.6,8.7,74,0.851,336,0.524,170,0.4,0.549,0.575,12.9,4.7,8,1.8,8.8,0.94,0.29,1.06,6,112,112.8
Glenn Robinson III,Phi,F,26.17,12,18.9,39.4,14.8,3.8,9,1,50,0.62,21,0.286,0.563,0.594,7.4,2.8,8.3,0.9,7.1,0.75,0.17,0.25,5.6,125.1,105.9
Goga Bitadze,Ind,C-F,20.64,49,8.4,17.4,18,14.3,33,0.727,93,0.591,36,0.167,0.496,0.53,3.1,1.9,12.6,0.4,7.1,0.12,0.65,0.49,6.3,100.2,96.8
Goran Dragic,Mia,G,33.85,54,28.4,59.1,25.7,15,221,0.769,350,0.491,313,0.377,0.526,0.571,16.1,3.1,6.1,5.1,28.5,0.57,0.15,2.48,8.9,109.7,107.5
Gordon Hayward,Bos,F,29.97,45,33.4,69.5,20.9,10.8,111,0.847,418,0.553,189,0.392,0.563,0.593,17.3,6.5,10.5,4.1,19.1,0.78,0.44,1.76,9.3,118.2,105.3
Gorgui Dieng,Min,C,30.15,46,16.9,35.2,18.4,12.7,59,0.797,157,0.497,120,0.383,0.531,0.563,7.4,5.6,17.3,1.3,11.1,0.8,0.91,0.96,8.9,112.2,101.2
Gorgui Dieng,Mem,C,30.15,12,19.5,40.6,15.6,12.6,24,0.583,44,0.659,22,0.227,0.553,0.568,7.3,6.7,17.9,1.1,7.5,0.92,1.17,0.92,7.7,109.7,99.5
Grant Williams,Bos,F,21.28,62,15.6,32.6,11.5,17.7,51,0.725,107,0.551,85,0.247,0.471,0.508,3.5,2.7,9.1,1,8.2,0.45,0.53,0.74,5.4,103.7,95.5
Grayson Allen,Mem,G,24.43,30,16.6,34.6,17.9,10.7,35,0.857,85,0.541,91,0.363,0.543,0.577,7.4,2.2,7,1.4,11.8,0.23,0.03,0.77,6.8,110.9,109.1
Hamidou Diallo,Okc,G,21.61,38,18.4,38.3,17.4,13.4,45,0.622,184,0.5,35,0.2,0.468,0.488,6.1,3.2,9.7,0.6,4.5,0.74,0.21,0.97,4.9,92.8,99.4
Harrison Barnes,Sac,F,27.78,64,34.9,72.6,17.5,8.9,244,0.803,467,0.499,243,0.383,0.525,0.576,14.7,4.8,7.7,2.4,10,0.59,0.16,1.25,6.3,115.7,113.5
Harry Giles III,Sac,F-C,21.89,38,15.2,31.7,19.6,13.4,43,0.767,207,0.56,0,0,0.56,0.586,7,4.2,15.5,1.3,13.4,0.55,0.37,0.92,8.9,112.2,93.7
Hassan Whiteside,Por,C,30.75,61,31.3,65.3,19.8,13.1,225,0.68,669,0.619,7,0.571,0.621,0.641,16.3,14.2,23.6,1.2,6,0.39,3.07,1.92,8.3,123.3,103
Henry Ellenson,Bro,F-C,23.16,5,3,6.3,19.4,0,0,0,3,0.333,4,0,0.143,0.143,0.4,1.2,20.4,0.2,8.8,0,0,0,6.1,,
Ian Mahinmi,Was,C,33.35,38,21.3,44.3,15.8,14.7,113,0.619,185,0.535,26,0.192,0.505,0.543,7.4,5.8,14.9,1.3,8.2,0.82,1.16,1.18,7.2,109.8,103.3
Ignas Brazdeikis,Nyk,F,21.17,9,5.9,12.3,20.9,7.6,5,0.8,13,0.385,9,0.111,0.295,0.351,1.9,0.6,5,0.4,10.5,0,0.11,0.22,5.2,81.9,115.2
Iman Shumpert,Bro,G,29.71,13,18.5,38.6,13.4,13,7,0.571,31,0.419,33,0.242,0.391,0.403,4.2,2.6,7.3,0.9,6.8,0.92,0.15,0.77,4.6,84.9,102.6
Isaac Bonga,Was,G,20.34,58,17.7,36.8,10.2,15.9,64,0.813,129,0.574,55,0.4,0.582,0.627,4.6,3.2,9.8,1.1,7.7,0.64,0.36,0.69,5.7,121.3,105.9
Isaiah Hartenstein,Hou,C-F,21.85,23,11.6,24.1,14.8,16.8,28,0.679,62,0.71,5,0,0.657,0.674,4.7,3.9,17.7,0.8,9.8,0.39,0.52,0.7,8.4,127.4,95.5
Isaiah Roby,Okc,F,22.1,3,3.8,7.9,7.7,50,0,0,1,0,0,0,0,0,0,0.7,9.7,0,0,0,0,0.33,0,,
Isaiah Thomas,Was,G,31.09,40,23.1,48.2,24.1,14.2,76,0.816,237,0.405,189,0.413,0.5,0.531,12.2,1.7,4,3.7,23.2,0.33,0.15,1.9,7.4,102.8,114.1
Ish Smith,Was,G,31.68,60,26.2,54.5,18.3,11.2,70,0.686,431,0.48,150,0.367,0.498,0.512,10.5,3.1,6.6,4.8,25.9,0.88,0.4,1.28,8.2,109,115
Ivica Zubac,Lac,C,22.98,64,18.1,37.6,16.3,11.7,141,0.759,336,0.601,2,0,0.598,0.639,8,7.2,20.7,1.1,8.7,0.2,0.94,0.83,8.8,130.2,95.4
J.J. Barea,Dal,G,35.71,26,15,31.3,24.3,15.8,18,0.944,103,0.437,76,0.382,0.494,0.519,7.5,1.8,6.4,3.8,37.7,0.15,0.08,1.35,9.9,109.4,109.3
J.P. Macura,Cle,G,24.77,1,0.6,1.3,0,,0,0,0,0,0,0,,,0,0,0,0,0,0,0,0,0,,
Ja Morant,Mem,G,20.59,59,30,62.6,26,17.2,265,0.77,661,0.517,139,0.367,0.523,0.568,17.6,3.5,6.2,6.9,34.6,0.93,0.25,3.24,10,109.3,111.2
Jabari Parker,Atl,F,24.99,32,26.2,54.5,24,12.4,72,0.736,278,0.601,115,0.27,0.543,0.565,15,6,12.3,1.8,11.5,1.31,0.47,1.88,8.3,105.9,105.7
Jabari Parker,Sac,F,24.99,1,14.6,30.4,20.5,0,2,1,5,0.2,1,0,0.167,0.291,4,4,15.4,2,17.9,0,0,0,8.7,80.8,106.6
Jacob Evans,Gol,G-F,22.73,27,15.3,31.9,17.6,14.6,29,0.862,95,0.337,38,0.342,0.387,0.439,4.7,1.5,5.4,1.1,10.9,0.41,0.44,0.93,5.2,86.4,108.9
Jacob Evans,Min,G-F,22.73,2,2.2,4.5,9.6,0,0,0,0,0,1,0,0,0,0,0,0,0,0,0,0,0,0,,
Jae Crowder,Mem,F,29.68,45,29.4,61.2,15.6,10.9,95,0.789,133,0.519,266,0.293,0.466,0.507,9.9,6.2,11,2.8,12.2,1.04,0.31,1.2,7.6,105.2,107
Jae Crowder,Mia,F,29.68,13,28.7,59.8,15.8,6,26,0.769,25,0.6,89,0.393,0.592,0.618,11.9,5.8,11.4,2,10.2,1.54,0.54,0.62,7.2,123.5,98.3
Jahlil Okafor,Nor,C-F,24.24,28,15.2,31.6,19.8,17.5,58,0.638,142,0.613,2,0.5,0.615,0.631,7.6,4.3,14.8,1.3,12.6,0.25,0.68,1.29,9.2,115.2,100.1
JaKarr Sampson,Ind,F,26.98,26,13.1,27.3,12.5,7.2,20,0.55,68,0.676,13,0.154,0.605,0.607,4.2,2.3,9.6,0.3,3.6,0.35,0.35,0.27,4.4,119,99.1
Jake Layman,Min,F,26.01,23,22,45.8,17.7,11.1,32,0.75,107,0.533,72,0.333,0.52,0.544,9.1,2.5,5.9,0.7,4.4,0.74,0.39,1.04,4.6,101.8,108.3
Jakob Poeltl,San,C,24.41,58,16.6,34.7,13.3,14.9,74,0.486,218,0.619,0,0,0.619,0.611,5.3,5.3,17.3,1.8,14.6,0.52,1.47,0.76,8.9,125.2,104.4
Jalen Brunson,Dal,G,23.53,57,17.9,37.4,20.4,13.6,75,0.813,268,0.515,120,0.358,0.522,0.553,8.2,2.4,6.9,3.3,26.9,0.39,0.07,1.16,9,113.9,107.4
Jalen Lecque,Pho,G,19.74,4,6.6,13.8,19.1,8.4,2,1,6,0.667,4,0,0.4,0.46,2.5,0,0,0.5,10.9,0,0,0.25,0,93.9,112.7
Jalen McDaniels,Cha,F-C,22.11,16,18.3,38.2,13.4,13.4,17,0.824,46,0.522,24,0.375,0.536,0.574,5.6,4.1,12.1,0.8,6.7,0.5,0.19,0.75,5.8,110.5,101.7
Jamal Murray,Den,G,23.05,55,32.8,68.3,25.2,11.8,177,0.893,542,0.517,304,0.345,0.517,0.559,18.8,3.9,6.7,4.8,22.7,1.16,0.29,2.25,8.6,110.9,109
James Ennis III,Phi,F,29.7,49,15.8,33,15.7,10.6,61,0.787,120,0.525,106,0.349,0.524,0.564,5.8,3.1,10.7,0.8,7.4,0.45,0.31,0.61,6.2,113.3,101
James Ennis III,Orl,F,29.7,12,23.1,48.1,13.7,13.7,17,0.882,35,0.514,33,0.303,0.485,0.537,6.8,4.1,9.5,1.1,6.6,0.5,0.5,1,5.4,104.9,104.2
James Harden,Hou,G,30.54,61,36.7,76.5,36.4,13.7,719,0.861,617,0.538,769,0.352,0.533,0.616,34.4,6.3,9.1,7.4,34.4,1.74,0.87,4.43,12.8,119.7,103.6
James Johnson,Mia,F,33.06,18,15.6,32.5,17,13.9,14,0.571,42,0.548,45,0.356,0.54,0.547,5.7,2.9,10.4,1.2,11.1,0.33,0.72,0.83,6.9,102.7,99.9
James Johnson,Min,F,33.06,14,24.2,50.4,21.4,18.8,34,0.676,82,0.573,46,0.37,0.566,0.588,12,4.7,10.3,3.8,24.4,1.29,1.43,2.36,9.9,108.7,100.9
JaMychal Green,Lac,F-C,29.72,55,20.5,42.8,13.5,12.3,44,0.727,98,0.52,204,0.363,0.536,0.554,6.5,6.3,15.9,0.8,5.1,0.45,0.36,0.82,6.2,110.1,94.9
Jared Dudley,Lal,F,34.67,40,7.8,16.2,7.7,10.5,2,1,16,0.25,34,0.471,0.56,0.57,1.5,1.1,7.5,0.5,7.4,0.3,0.08,0.15,4.8,117.5,98.1
Jared Harper,Pho,G,22.49,3,2.6,5.5,21.5,0,0,0,2,0.5,2,0,0.25,0.25,0.7,0,0,0,0,0,0,0,0,,
Jaren Jackson Jr.,Mem,F-C,20.49,54,28,58.3,23.9,10.8,166,0.741,361,0.535,340,0.397,0.564,0.59,16.9,4.7,8.8,1.4,7.5,0.65,1.61,1.74,6.9,108.9,100.2
Jarred Vanderbilt,Den,F,20.94,9,4.6,9.6,14.7,50,0,0,7,0.714,0,0,0.714,0.714,1.1,0.9,10.8,0.2,6.5,0.33,0.11,0.78,5.1,76.2,95.6
Jarred Vanderbilt,Min,F,20.94,2,2.6,5.3,15.2,0,2,1,0,0,1,0,0,0.532,1,0.5,10.3,0,0,0,0,0,0,,
Jarrell Brantley,Uta,F,23.76,5,2.7,5.6,6.6,100,0,0,0,0,0,0,,,0,1,20.5,0.2,8.9,0,0.4,0.4,0,,
Jarrett Allen,Bro,C,21.89,64,25.7,53.6,15,12.2,237,0.62,408,0.654,5,0,0.646,0.658,10.6,9.5,18.9,1.3,7.8,0.58,1.33,1.13,7.9,128.7,100.1
Jarrett Culver,Min,G-F,21.06,63,23.9,49.8,19.2,11.7,117,0.462,348,0.471,221,0.299,0.462,0.467,9.2,3.4,7.5,1.7,10.8,0.89,0.62,1.3,6.3,94.1,108.7
Jarrod Uthoff,Mem,F,26.81,4,3.5,7.2,23.8,0,2,1,3,0.333,4,0,0.143,0.254,1,0.3,3.8,0,0,0.25,0,0,0,,
JaVale McGee,Lal,C-F,32.14,61,16.8,34.9,15,12.9,75,0.653,277,0.643,6,0.5,0.645,0.655,6.8,5.8,18.9,0.6,4.7,0.51,1.49,0.77,6.8,124.5,92.5
Javonte Green,Bos,G-F,26.64,44,9.4,19.6,13.6,13.7,36,0.639,75,0.573,23,0.261,0.531,0.558,2.9,1.8,10.4,0.5,7.6,0.52,0.16,0.41,5.9,109.3,99.9
Jaxson Hayes,Nor,C-F,19.8,56,17,35.4,15.2,11.6,173,0.63,232,0.664,4,0.25,0.659,0.673,7.5,4,12.4,0.9,7.5,0.41,0.96,0.73,7.1,129.6,100.1
Jaylen Brown,Bos,F-G,23.38,50,34,70.9,24.7,11.8,216,0.736,491,0.552,281,0.381,0.559,0.589,20.4,6.4,10,2.2,10.2,1.14,0.32,2.32,7.8,110.5,101.2
Jaylen Hoard,Por,F,20.95,13,7.9,16.5,17.2,9.6,13,0.615,29,0.517,3,0,0.469,0.504,2.9,2.5,16.1,0.3,5.4,0.38,0,0.31,6.6,111.7,103.5
Jaylen Nowell,Min,G,20.92,15,10.1,21,17.3,4.7,17,0.941,27,0.593,26,0.115,0.387,0.471,3.8,0.9,4.5,1.3,17.8,0.2,0,0.2,6.5,109.3,111.6
Jayson Tatum,Bos,F-G,22.03,59,34.6,72.1,28.6,9.6,279,0.806,694,0.478,420,0.398,0.523,0.562,23.6,7.1,11,2.9,14,1.42,0.9,2.22,9.1,110.3,103.3
Jeff Green,Uta,F,33.54,30,18.4,38.4,19.8,10.8,63,0.778,91,0.451,104,0.327,0.472,0.523,7.8,2.7,8,0.7,5.2,0.4,0.33,0.9,5.3,101.4,104.1
Jeff Green,Hou,F,33.54,10,20.2,42,16.3,11.3,10,0.8,32,0.844,34,0.412,0.727,0.739,10.4,3.2,8.3,1.2,9.2,0.9,0.5,0.9,6.8,134.9,104.3
Jeff Teague,Min,G,31.75,34,27.8,57.9,20.2,16.4,144,0.868,238,0.471,87,0.379,0.497,0.577,13.2,2.6,4.9,6.1,32.5,0.74,0.38,2.24,8.5,115.7,110.8
Jeff Teague,Atl,G,31.75,25,20.8,43.2,18.3,17.5,53,0.887,135,0.43,30,0.333,0.442,0.512,7.7,2.2,5.6,4,27.3,0.76,0.24,1.6,7.8,105,113.4
Jerami Grant,Den,F,26,64,26.2,54.6,17.8,8,170,0.741,337,0.519,220,0.4,0.551,0.586,11.6,3.5,7.5,1.2,6.7,0.69,0.81,0.86,5.6,115.6,105.9
Jeremiah Martin,Bro,G,23.73,3,5.3,11.1,13.1,0,0,0,4,0.25,1,0,0.2,0.2,0.7,0.7,6.4,0.7,16.5,0.33,0.33,0,5.3,66.4,110.4
Jeremy Lamb,Ind,G-F,27.78,46,28.1,58.5,19.7,8.7,110,0.836,321,0.508,158,0.335,0.506,0.547,12.5,4.3,8.5,2.1,10.5,1.17,0.48,1.09,6.9,107.8,103.2
Jeremy Pargo,Gol,G,34.01,3,14.8,30.8,25.5,15.1,1,0,15,0.533,7,0.429,0.568,0.557,8.3,1,3.7,2.7,32.8,0.33,0,1.33,7.6,102.6,101.2
Jerome Robinson,Lac,G,23.05,42,11.3,23.6,14.9,15.3,19,0.579,69,0.391,67,0.284,0.408,0.423,2.9,1.4,6.5,1.1,12.6,0.31,0.19,0.62,5.8,87.2,99.7
Jerome Robinson,Was,G,23.05,13,20.9,43.6,14.1,8.7,10,0.9,43,0.395,37,0.324,0.438,0.468,6.1,3.5,9.3,1.5,9.2,0.69,0.46,0.62,6.1,98.2,108.3
Jevon Carter,Pho,G,24.49,50,15.1,31.4,13.9,12.2,25,0.84,88,0.409,117,0.393,0.512,0.535,4.6,2,7.2,1.3,11.7,0.72,0.26,0.6,6.1,107.1,104.5
Jimmy Butler,Mia,F,30.49,54,34.3,71.4,25.2,11.2,490,0.833,606,0.493,117,0.248,0.474,0.582,20.2,6.6,10.8,6.1,28.1,1.7,0.54,2.19,10.9,122.4,107.4
JJ Redick,Nor,G,35.71,54,26.4,55,19.9,9.4,163,0.902,213,0.446,345,0.452,0.59,0.639,14.9,2.6,5.2,2,10.8,0.35,0.19,1.2,6.5,121.9,111.7
Joe Chealey,Cha,G,24.36,4,8.4,17.4,13,20.2,2,1,3,0,4,0,0,0.127,0.5,0,0,0.3,3.9,1,0,0.5,0,29.5,108.5
Joe Harris,Bro,G-F,28.51,63,30.9,64.3,18,11.3,83,0.747,336,0.536,369,0.412,0.579,0.592,13.9,4.3,7.2,2.1,10.3,0.6,0.25,1.49,6.5,111.8,106
Joe Ingles,Uta,F-G,32.44,64,29.9,62.4,15,18.8,84,0.774,184,0.516,310,0.397,0.566,0.588,9.8,4,7.3,5.2,23.9,0.89,0.14,1.92,7.9,114.6,105
Joel Embiid,Phi,C-F,25.99,44,30.2,62.9,32.7,13.4,382,0.814,541,0.51,161,0.348,0.513,0.592,23.4,11.8,21.6,3.1,17.3,0.84,1.34,3.07,12.6,113.8,96.4
John Collins,Atl,F,22.47,41,33.2,69.3,22.7,10.1,150,0.8,458,0.642,147,0.401,0.632,0.659,21.6,10.1,16.4,1.5,7.6,0.76,1.61,1.83,8.3,123.1,106.6
John Henson,Cle,F-C,29.2,29,14.2,29.6,16.2,13.5,33,0.515,89,0.618,31,0.194,0.533,0.539,5,3.9,15.4,1.5,15.3,0.55,1.1,0.72,8.7,111.1,101.5
John Henson,Det,F-C,29.2,11,17.1,35.7,16.6,20.9,13,0.462,46,0.696,5,0.4,0.686,0.67,6.9,4.4,14.5,1,9.2,0.73,0.91,1.36,7.3,111.1,101
John Konchar,Mem,G,23.97,15,11.1,23.2,10.4,14.3,2,0.5,26,0.731,9,0.444,0.714,0.711,3.4,3.1,14.4,1.4,16.7,0.47,0.2,0.4,8.8,141.1,109.4
Johnathan Motley,Lac,F,24.86,13,3.2,6.6,23.4,21.7,7,0.714,14,0.714,1,1,0.767,0.774,2.2,0.8,12.6,0.5,28.6,0.23,0,0.38,12,,
Johnathan Williams,Was,F,24.81,11,12.3,25.5,9.6,12.8,5,0.6,23,0.696,2,0,0.64,0.643,3.2,3.9,17.5,0.5,5.9,0.09,0.55,0.36,6,131.2,110.5
Jonah Bolden,Phi,F,24.19,4,3.6,7.4,17.8,34,2,0,2,1,1,0,0.667,0.515,1,0.3,3.9,0,0,0.25,0,0.5,0,,
Jonah Bolden,Pho,F,24.19,3,10.9,22.8,11.5,0,2,1,5,0.4,3,0,0.25,0.338,2,2.7,13.6,0,0,0.67,0.67,0,0,92.9,93.3
Jonas Valanciunas,Mem,C,27.85,62,26.3,54.8,21.4,12.7,168,0.732,580,0.614,79,0.367,0.606,0.629,14.9,11.3,22.5,1.8,10.2,0.42,1.11,1.73,10.2,119.4,100.7
Jonathan Isaac,Orl,F,22.44,32,29.7,61.8,18.3,11.7,73,0.767,231,0.515,91,0.33,0.509,0.542,12,6.9,12.5,1.4,7,1.56,2.44,1.47,6.6,105.2,101.3
Jordan Bell,Min,F,25.18,27,8.7,18.1,15.9,19.8,29,0.586,51,0.588,9,0.222,0.55,0.57,3.1,2.9,17.7,0.5,8.6,0.07,0.37,0.67,7.6,107.6,108.4
Jordan Bell,Mem,F,25.18,2,10.7,22.3,21.2,27.6,2,1,4,0.25,3,0.667,0.571,0.635,5,1.5,7.4,1,12.5,0.5,0,1.5,7.3,102.8,106.9
Jordan Bone,Det,G,22.35,10,5.3,11,18.1,9.1,0,0,10,0.3,10,0.2,0.3,0.3,1.2,0.4,4.3,0.8,21,0.1,0,0.2,5.5,76.1,106.4
Jordan Clarkson,Cle,G,27.76,29,23,47.8,25.9,9.7,86,0.884,167,0.509,159,0.371,0.532,0.581,14.6,2.4,5.8,2.4,17.1,0.59,0.28,1.34,7.6,115.6,114.9
Jordan Clarkson,Uta,G,27.76,34,25.3,52.8,25.3,8.7,59,0.78,234,0.577,194,0.366,0.564,0.583,15.6,2.9,6.2,1.6,10.5,0.76,0.21,1.26,6.6,111.5,106.2
Jordan McLaughlin,Min,G,23.92,30,19.7,41,15.8,13.7,39,0.667,102,0.569,76,0.382,0.57,0.587,7.6,1.6,4.4,4.2,31,1.13,0.13,1.03,7.5,121.1,111.3
Jordan McRae,Was,G,28.96,29,22.5,47,24.9,9.7,83,0.771,211,0.441,106,0.377,0.483,0.523,12.8,3.6,8.7,2.8,18.8,0.66,0.52,1.31,9,106,110.1
Jordan McRae,Den,G,28.96,4,8.1,16.8,10.5,0,4,0.75,2,0,4,0.5,0.5,0.58,2.3,1.3,8.6,1,15.5,0.5,0.25,0,7.1,143.1,105.5
Jordan McRae,Det,G,28.96,4,24.6,51.3,25.6,8.7,22,0.727,27,0.407,16,0.188,0.36,0.446,11.8,3.8,8.6,1.8,10.6,0,0,1.25,7,91.9,106.7
Jordan Poole,Gol,G,20.73,57,22.3,46.6,21,11.5,119,0.798,237,0.392,265,0.279,0.406,0.454,8.8,2.1,5,2.4,15.8,0.6,0.18,1.26,6.3,91.4,111.4
Josh Gray,Nor,G,26.51,2,11.4,23.6,12.6,71.4,0,0,2,0.5,0,0,0.5,0.5,1,1,4.6,1,10.5,0,0,2.5,3.5,46.9,115.4
Josh Hart,Nor,G,25.02,57,27.4,57.1,15.3,11.1,91,0.747,156,0.571,325,0.342,0.531,0.556,10.2,6.5,12.5,1.7,8.3,1.04,0.37,1.14,7.1,109,104
Josh Jackson,Mem,G-F,23.08,18,19.8,41.3,23.2,12.5,44,0.659,83,0.542,72,0.319,0.513,0.539,10.4,3.2,8.5,1.7,12.4,1,0.5,1.39,7.8,102.1,102.5
Josh Magette,Orl,G,30.29,8,4.7,9.9,23.8,23.9,2,0.5,11,0.364,4,0.25,0.367,0.378,1.5,0.8,8.5,0.6,19.3,0.38,0.13,0.63,7.6,71.1,98.4
Josh Okogie,Min,G,21.53,62,25,52,15.1,15.1,191,0.796,244,0.529,154,0.266,0.479,0.553,8.6,4.3,9.1,1.6,8.9,1.1,0.42,1.39,6.2,108.1,107.1
Josh Reaves,Dal,G-F,22.77,2,0.8,1.6,28.5,0,0,0,1,0,0,0,0,0,0,0,0,0,0,0,0,0,0,,
Josh Richardson,Phi,G,26.49,48,30.7,64,21.1,12.6,128,0.789,360,0.489,214,0.327,0.49,0.526,13.8,3.4,6.1,3.1,14.8,0.94,0.71,1.9,6.9,103,105
Jrue Holiday,Nor,G,29.75,55,34.9,72.8,24.8,13.8,170,0.7,609,0.502,322,0.357,0.514,0.535,19.6,4.9,7.4,6.9,29.8,1.67,0.82,2.93,10,108.4,108.8
Juan Toscano-Anderson,Gol,F,26.92,13,20.9,43.6,12.7,19.7,5,0.6,40,0.525,23,0.348,0.524,0.529,5.3,4,10.4,2,13.8,1,0.38,1.23,6.7,98.1,104.2
Juancho Hernangomez,Den,F,24.45,34,12.4,25.9,14.3,12.9,25,0.64,50,0.46,60,0.25,0.414,0.442,3.1,2.8,12.5,0.6,6.7,0.15,0.15,0.53,5.6,94.2,106.7
Juancho Hernangomez,Min,F,24.45,14,29.4,61.2,17,7.6,46,0.609,68,0.485,69,0.42,0.558,0.576,12.9,7.3,13.1,1.3,6.4,1,0.29,0.93,6.8,114.2,106
Julius Randle,Nyk,C-F,25.28,64,32.5,67.7,27.6,14.3,352,0.733,774,0.516,231,0.277,0.493,0.538,19.5,9.7,16,3.1,15.8,0.8,0.34,3.03,10.3,103.9,105.7
Justin Anderson,Bro,F-G,26.31,3,5.6,11.7,17,0,2,0.5,3,0.333,3,0,0.167,0.218,1,0.7,6.1,0,0,0,0.33,0,0,50.2,101.8
Justin Holiday,Ind,F-G,30.93,65,24.9,51.8,13.5,7.9,59,0.78,143,0.476,288,0.424,0.582,0.6,8.4,3.2,7,1.3,7.1,1.14,0.65,0.6,5.3,116,104.5
Justin Jackson,Dal,F,24.96,58,16,33.4,15.8,3.5,44,0.818,160,0.494,151,0.298,0.471,0.498,5.7,2.4,8,0.8,7.2,0.21,0.17,0.21,5.6,109.1,108.6
Justin James,Sac,G-F,23.13,33,6.6,13.8,18.8,7.4,21,0.476,52,0.462,26,0.346,0.481,0.487,2.6,0.9,7.7,0.5,10.8,0.18,0.27,0.21,6.4,101.3,108.6
Justin Patton,Okc,C,22.74,5,4.8,10.1,21.9,16.7,0,0,6,0.5,4,0.25,0.45,0.45,1.8,1,11.5,0.4,12.4,0,0,0.4,7.5,85.6,95.8
Justin Robinson,Was,G,22.41,9,5.4,11.3,12.8,20,0,0,7,0.286,5,0.6,0.542,0.542,1.4,0.6,5.6,0.8,18.8,0,0.11,0.33,6.5,105,118.8
Justin Wright-Foreman,Uta,G,22.37,1,1.5,3.1,0,,0,0,0,0,0,0,,,0,0,0,0,0,0,0,0,0,,
Justise Winslow,Mia,G-F,23.96,11,32,66.7,20.6,14.6,27,0.667,102,0.431,27,0.222,0.411,0.44,11.3,6.6,11.6,4,18.6,0.73,0.45,2.18,8.4,93,101.1
Juwan Morgan,Uta,F,22.9,16,4.6,9.6,11.9,15,0,0,12,0.667,5,0.2,0.559,0.559,1.2,1.2,14.1,0.1,3.8,0,0.06,0.19,4.6,107.6,102.4
Kadeem Allen,Nyk,G,27.15,10,11.7,24.4,20.6,14.1,11,0.636,28,0.5,16,0.313,0.489,0.512,5,0.9,4.1,2.1,27,0.5,0.2,0.8,7.2,105.5,111.9
Karl-Anthony Towns,Min,C-F,24.32,35,33.9,70.7,28.8,13.2,226,0.796,345,0.586,277,0.412,0.6,0.642,26.5,10.8,16.8,4.4,22.8,0.94,1.2,3.14,12.7,120.2,104
Kawhi Leonard,Lac,F,28.7,51,32.2,67.1,33.2,10.7,350,0.889,724,0.51,292,0.366,0.521,0.585,26.9,7.3,11.7,5,27,1.8,0.61,2.75,12.3,116,101.6
Keita Bates-Diop,Min,F,24.13,37,17.5,36.4,15.8,5.6,65,0.708,112,0.5,94,0.33,0.498,0.535,6.8,3,9,0.8,6.7,0.46,0.54,0.38,5.8,111.2,111.1
Keita Bates-Diop,Den,F,24.13,2,9.4,19.6,8.7,0,4,0.75,2,1,0,0,1,0.931,3.5,1,5.9,0,0,0,0.5,0,0,192.5,104.9
Kelan Martin,Min,F,24.61,31,16,33.3,17.9,9.3,31,0.968,85,0.541,96,0.26,0.461,0.506,6.4,3.1,10.2,0.7,6.8,0.23,0.29,0.65,6,100.3,106.1
Keldon Johnson,San,F-G,20.42,9,10.2,21.3,18.1,7.8,10,0.7,26,0.538,5,0.4,0.548,0.579,4.6,1.9,9.9,0.7,9.4,0.56,0.11,0.33,7.2,117.2,105.4
Kelly Olynyk,Mia,C,28.9,59,18.5,38.5,16.8,15.1,82,0.854,132,0.538,185,0.432,0.603,0.64,7.7,4.4,13.3,1.6,13.2,0.64,0.31,1.07,8.2,117.2,96.5
Kelly Oubre Jr.,Pho,F-G,24.26,56,34.5,71.9,22.4,8.2,246,0.78,519,0.511,307,0.352,0.517,0.56,18.7,6.5,10.4,1.5,6.7,1.25,0.71,1.48,6.6,108.7,104
Kemba Walker,Bos,G,29.84,50,31.8,66.3,27.9,10.3,225,0.867,394,0.47,438,0.377,0.52,0.569,21.2,4.1,6.9,4.9,24.6,0.94,0.5,2.14,9.5,115.2,107.3
Kendrick Nunn,Mia,G,24.61,62,29.8,62,23.7,10.2,92,0.837,488,0.512,362,0.362,0.525,0.545,15.6,2.7,5.1,3.4,18.7,0.82,0.18,1.63,7,105.6,106.4
Kenrich Williams,Nor,G-F,25.28,35,22.3,46.4,9.2,12,24,0.375,47,0.511,96,0.26,0.43,0.43,3.8,5.1,12.1,1.5,8.3,0.71,0.6,0.6,5.5,102.1,104
Kent Bazemore,Por,G-F,30.7,43,25.8,53.8,16,14.4,72,0.806,155,0.368,171,0.327,0.433,0.475,7.9,4,8,1.4,7.2,1.05,0.72,1.4,5.5,91.7,105.8
Kent Bazemore,Sac,G-F,30.7,21,23.5,48.9,19.9,11.1,70,0.729,112,0.446,57,0.386,0.491,0.543,10.3,5,12,1.1,7.1,1.19,0.38,1.19,6.5,104.5,99.1
Kentavious Caldwell-Pope,Lal,G,27.06,63,25.5,53,14.8,9.8,95,0.779,245,0.543,221,0.394,0.565,0.592,9.5,2.1,4.5,1.7,8.7,0.86,0.21,0.87,5.1,116.4,104.7
Kevin Hervey,Okc,F,23.67,7,2.8,5.8,24.9,0,0,0,3,0.333,8,0,0.091,0.091,0.3,0.3,5.7,0.1,6.6,0,0,0,3,,
Kevin Huerter,Atl,G-F,21.54,56,31.4,65.5,17.1,12,64,0.828,276,0.453,334,0.38,0.517,0.536,12.2,4.1,7,3.8,17.5,0.91,0.48,1.55,7.3,106.9,112
Kevin Knox II,Nyk,F,20.58,65,17.9,37.4,17.9,9.2,101,0.653,202,0.391,199,0.327,0.44,0.47,6.4,2.8,8.4,0.9,7.4,0.35,0.43,0.69,5.6,96.8,107.9
Kevin Love,Cle,F,31.51,56,31.8,66.2,23.2,14.6,219,0.854,337,0.537,390,0.374,0.55,0.599,17.6,9.8,17.1,3.2,15.4,0.59,0.34,2.52,10.3,112,110.1
Kevin Porter Jr.,Cle,G-F,19.85,50,23.2,48.4,20.6,16.7,101,0.723,263,0.506,158,0.335,0.505,0.535,10,3.2,7.7,2.2,13.9,0.92,0.28,1.86,7.1,99.1,105.5
Kevon Looney,Gol,F,24.09,20,13.1,27.3,15.9,13.4,12,0.75,65,0.431,14,0.071,0.373,0.403,3.4,3.3,13.7,1,11.1,0.6,0.3,0.65,6.8,92.7,102.5
Khem Birch,Orl,C,27.45,40,19.4,40.5,9.3,13.7,67,0.612,114,0.491,1,0,0.487,0.529,3.8,4.5,12.4,0.9,6,0.4,0.53,0.58,5.1,115.1,103.2
Khris Middleton,Mil,F,28.58,55,30.1,62.6,26.2,10.7,196,0.908,532,0.547,318,0.418,0.577,0.619,21.1,6.2,10.2,4.1,21,0.93,0.13,2.04,10.8,118.7,97.2
Khyri Thomas,Det,G,23.84,8,7.7,15.9,15.5,13.8,4,0.5,3,0,14,0.357,0.441,0.453,2.1,0.1,0.9,0.4,6.7,0.38,0,0.38,2.3,87.6,103
Kostas Antetokounmpo,Lal,F,22.31,3,1.7,3.5,0,,0,0,0,0,0,0,,,0,0.3,10.7,0.3,22,0,0,0,0,,
Kris Dunn,Chi,G,25.98,51,24.9,51.8,14.6,15.7,54,0.741,230,0.535,112,0.259,0.487,0.51,7.3,3.7,8.1,3.4,19.5,1.96,0.35,1.33,7.2,104,98.8
Kristaps Porzingis,Dal,F-C,24.61,51,31.3,65.2,26.6,8.5,228,0.776,447,0.477,361,0.349,0.498,0.54,19.2,9.5,15.8,1.7,8.6,0.71,2.08,1.65,8.6,108.5,100.6
Ky Bowman,Gol,G,22.74,45,22.6,47,17.2,17.1,41,0.829,214,0.472,107,0.308,0.469,0.494,7.4,2.7,6.4,2.9,19.4,1,0.22,1.56,6.8,95.6,107.2
Kyle Anderson,Mem,F-G,26.48,59,19.3,40.3,13.3,15.1,66,0.652,218,0.56,62,0.258,0.521,0.542,5.7,4.4,11.8,2.2,15.1,0.75,0.53,0.93,7.9,110.2,105.7
Kyle Guy,Sac,G,22.58,2,2,4.2,21.8,0,0,0,1,1,1,0,0.5,0.5,1,0,0,0,0,0,0,0,0,,
Kyle Korver,Mil,G-F,38.99,50,16.7,34.7,15.7,13.6,34,0.824,52,0.481,207,0.415,0.595,0.613,6.7,2.1,6.2,1.2,9.5,0.4,0.24,0.86,6.1,111.4,98.6
Kyle Kuzma,Lal,F,24.63,54,24.6,51.2,23.2,11.6,130,0.738,352,0.523,236,0.297,0.491,0.522,12.5,4.5,9.9,1.3,7.4,0.39,0.39,1.57,6.8,100.2,102.6
Kyle Lowry,Tor,G,33.97,52,36.6,76.2,23.1,15,296,0.861,309,0.505,432,0.354,0.52,0.589,19.7,4.8,7,7.7,31,1.35,0.42,2.96,9.8,116.8,100.9
Kyle O'Quinn,Phi,C-F,29.96,26,9.9,20.7,16.5,18.3,19,0.526,49,0.571,23,0.304,0.535,0.541,3.3,3.8,21,1.3,19.1,0.19,0.85,0.69,10.2,112.5,95.5
Kyrie Irving,Bro,G,27.97,20,32.9,68.5,32.6,10.1,102,0.922,274,0.522,142,0.394,0.546,0.595,27.4,5.2,8.1,6.4,37.4,1.35,0.5,2.6,11.8,118.7,103.3
KZ Okpala,Mia,F-G,20.87,5,5.2,10.8,11.7,14.5,2,0.5,4,0.75,1,0,0.6,0.595,1.4,1,10.8,0.2,5.5,0.4,0.2,0.2,5,110,101.2
LaMarcus Aldridge,San,F-C,34.65,53,33.1,68.9,23.6,7.8,191,0.827,637,0.518,157,0.389,0.531,0.57,18.9,7.4,12,2.4,11.4,0.68,1.64,1.4,8.4,114.5,109.3
Landry Shamet,Lac,G,23,47,27.5,57.4,13.3,8.7,63,0.905,83,0.494,268,0.392,0.566,0.599,9.7,1.9,3.6,1.9,9,0.4,0.19,0.77,4.8,118.6,103.5
Langston Galloway,Det,G,28.26,66,25.8,53.7,15.9,6.5,84,0.857,211,0.493,331,0.399,0.557,0.584,10.2,2.2,4.9,1.5,8.8,0.73,0.15,0.61,5,117.3,112.3
Larry Nance Jr.,Cle,F-C,27.19,56,26.3,54.8,15.2,11.5,74,0.676,272,0.636,159,0.352,0.596,0.608,10.1,7.3,15.4,2.2,12.3,0.98,0.39,1.07,8.3,121.5,109.4
Lauri Markkanen,Chi,F-C,22.81,50,29.8,62.2,21.1,11,153,0.824,274,0.518,317,0.344,0.517,0.56,14.7,6.3,11.6,1.5,7.6,0.84,0.48,1.62,7,107.5,107.5
LeBron James,Lal,F,35.2,60,34.9,72.7,31.6,15.3,343,0.697,795,0.57,381,0.349,0.555,0.582,25.7,7.9,12.2,10.6,49.7,1.23,0.5,3.98,14.8,116.3,103.2
Lonnie Walker IV,San,G-F,21.24,53,14.5,30.2,18.3,9.9,54,0.722,197,0.442,71,0.408,0.487,0.514,5.7,2.2,8.1,0.9,8.4,0.53,0.25,0.6,6.2,100.9,107.4
Lonzo Ball,Nor,G,22.37,56,32.4,67.6,18.6,20.6,67,0.567,265,0.453,363,0.383,0.523,0.529,12.4,6.2,10.1,6.9,29,1.45,0.52,3.05,10,104.5,108.1
Lou Williams,Lac,G,33.37,60,29.3,61,28.3,14.4,322,0.863,588,0.442,295,0.363,0.476,0.546,18.7,3.1,5.5,5.7,30,0.65,0.17,2.87,9.4,108.9,108.4
Louis King,Det,F,20.93,10,6.2,13,17.1,8.2,3,0,10,0.4,11,0.364,0.476,0.448,2,1,9.1,0.5,11.8,0.2,0,0.2,6.5,93,98.5
Luguentz Dort,Okc,G,20.9,29,22,45.8,13.1,7.9,36,0.778,85,0.506,73,0.301,0.481,0.518,6.2,1.9,4.7,0.7,4.5,0.83,0.07,0.52,3.7,104.6,101
Luka Doncic,Dal,G-F,21.03,54,33.3,69.4,37,14.7,491,0.752,619,0.575,491,0.318,0.532,0.584,28.7,9.3,14.6,8.7,45.3,1.06,0.19,4.22,15.9,115.6,102.9
Luka Samanic,San,F,20.17,1,12,25,14.5,0,0,0,2,0,2,0,0,0,0,2,9,3,28.9,0,0,0,0,42.9,118.7
Luke Kennard,Det,G,23.71,28,32.9,68.6,19.8,10.3,75,0.893,159,0.491,183,0.399,0.548,0.589,15.8,3.5,6,4.1,19.2,0.43,0.21,1.54,7.4,117,110.8
Luke Kornet,Chi,C-F,24.66,36,15.5,32.3,16.3,6.6,28,0.714,79,0.646,108,0.287,0.521,0.539,6,2.3,8.3,0.9,8.5,0.31,0.72,0.39,6,111.4,106
Malcolm Brogdon,Ind,G,27.25,48,30.7,63.9,25.3,13.6,162,0.895,465,0.49,195,0.313,0.484,0.536,16.3,4.7,8.5,7.1,34.5,0.69,0.17,2.4,10.6,110.2,107
Malcolm Miller,Tor,G-F,27.02,25,5,10.4,10.2,10.1,6,0.167,5,0.4,19,0.316,0.458,0.432,0.9,0.6,5.9,0.3,8.3,0.16,0.08,0.12,4.4,91.2,100.7
Malik Beasley,Den,G,23.29,41,18.2,37.9,20.6,10.2,38,0.868,140,0.421,161,0.36,0.485,0.511,7.9,1.9,5.7,1.2,9.1,0.76,0.15,0.88,5.8,99.6,107.3
Malik Beasley,Min,G,23.29,14,33.1,68.9,23.8,8.2,28,0.75,118,0.517,115,0.426,0.577,0.591,20.7,5.1,8.1,1.9,9.8,0.64,0.14,1.57,7.1,110.5,111.4
Malik Monk,Cha,G,22.1,55,21.3,44.3,22.9,12.6,100,0.82,284,0.542,204,0.284,0.494,0.53,10.3,2.9,7.3,2.1,16.6,0.45,0.29,1.4,7.5,102.3,110.4
Malik Newman,Cle,G,23.05,1,3.7,7.7,44.8,25.8,2,1,1,0,1,0,0,0.347,2,0,0,0,0,0,0,1,0,,
Marc Gasol,Tor,C,35.12,36,27.5,57.3,12.8,14.6,36,0.722,109,0.44,127,0.402,0.528,0.546,7.6,6.3,12.1,3.4,16.9,0.78,0.92,1.19,7.9,112.3,97.1
Marco Belinelli,San,G,33.97,52,15,31.2,17,5.2,41,0.78,116,0.422,155,0.368,0.496,0.521,5.8,1.7,6.2,1.2,11.3,0.19,0.02,0.31,6.1,107.5,113.5
Marcus Morris Sr.,Nyk,F,30.52,43,32.3,67.2,24.4,9.2,198,0.823,372,0.444,264,0.439,0.533,0.582,19.6,5.4,9,1.4,6.8,0.77,0.4,1.7,6.6,112.9,107.5
Marcus Morris Sr.,Lac,F,30.52,12,28.4,59.1,16.3,11.2,11,0.818,54,0.5,60,0.283,0.461,0.48,9.5,4,7.3,1.5,7.2,0.67,0.83,1.25,5.4,95.1,101.7
Marcus Smart,Bos,G,26.02,53,32.5,67.6,19.3,11.6,127,0.835,264,0.424,368,0.348,0.481,0.519,13.5,3.8,6.4,4.8,21,1.6,0.51,1.7,7.7,109.7,102.7
Marial Shayok,Phi,G-F,24.63,2,5.2,10.7,25.2,16.7,0,0,2,0,3,0.333,0.3,0.3,1.5,1.5,16.1,0.5,13,0,0,0.5,8,61.3,111.1
Mario Hezonja,Por,F-G,25.04,47,16.3,34,13.8,14.9,51,0.824,125,0.48,64,0.328,0.484,0.532,4.8,3.4,11,0.9,7.2,0.6,0.19,0.79,6,103.7,103.7
Markelle Fultz,Orl,G,21.79,64,28.3,59,20.7,15.1,141,0.723,558,0.52,118,0.254,0.496,0.523,12.1,3.3,6.3,5.2,28.8,1.3,0.17,2.05,8.4,105,105.4
Markieff Morris,Det,F,30.52,44,22.5,46.8,21.8,14.2,79,0.772,200,0.5,189,0.397,0.546,0.573,11,3.9,9.9,1.6,11,0.59,0.23,1.59,7.3,104,104.7
Markieff Morris,Lal,F,30.52,8,14.7,30.6,15.7,11.4,4,1,15,0.533,22,0.273,0.459,0.49,4.8,3.3,12,0.6,5.5,0.25,0.5,0.63,5.8,103.8,96.8
Marko Guduric,Mem,G,25.01,42,11.3,23.6,17.6,17.9,25,0.92,73,0.493,81,0.309,0.477,0.515,4,1.7,7.8,1.1,12.4,0.29,0.19,0.86,6.9,96.3,108.5
Marques Bolden,Cle,C,21.9,1,2.8,5.8,0,,0,0,0,0,0,0,,,0,2,39.7,0,0,1,0,0,0,,
Marquese Chriss,Gol,F,22.69,59,20.3,42.2,19,14.6,156,0.769,347,0.582,39,0.205,0.554,0.603,9.3,6.2,16.6,1.9,15.3,0.66,1.05,1.32,9.4,116.3,104.5
Marvin Bagley III,Sac,F,21,13,25.7,53.5,25.9,9.1,31,0.806,145,0.51,22,0.182,0.479,0.512,14.2,7.5,16.4,0.8,5,0.46,0.92,1.38,6.8,101.9,100.3
Marvin Williams,Cha,F,33.73,41,19.7,41,14,9.7,50,0.86,93,0.538,117,0.376,0.552,0.593,6.7,2.7,7.5,1,7.8,0.61,0.56,0.61,5.3,115.2,106.9
Marvin Williams,Mil,F,33.73,11,18.5,38.4,8.9,6.9,4,1,12,0.667,27,0.296,0.513,0.54,4,3.5,9.5,1.4,9,0.82,0.36,0.27,5.8,118.8,92.6
Mason Plumlee,Den,F-C,30.02,53,17,35.4,18.3,18.7,138,0.536,244,0.627,4,0,0.617,0.615,7.2,5.3,17.4,2.4,20,0.53,0.6,1.34,10.6,116.9,96.1
Matisse Thybulle,Phi,G-F,23.02,57,19.5,40.6,11.6,15.1,41,0.61,92,0.5,142,0.352,0.517,0.53,4.7,1.5,4.3,1.2,8.3,1.39,0.7,0.79,4.2,103,100.2
Matt Mooney,Cle,G,23.09,4,4.7,9.8,9.1,0,0,0,2,0.5,2,0,0.25,0.25,0.5,0.8,8.9,0.3,6.8,0.5,0.25,0,4.2,69.1,107.1
Matt Thomas,Tor,G,25.6,33,9.7,20.3,17,9.4,10,0.7,36,0.528,75,0.467,0.644,0.65,4.5,1.5,7.9,0.5,7.9,0.24,0,0.36,6.2,118.9,100.3
Matthew Dellavedova,Cle,G,29.51,57,14.4,30,13,23.6,37,0.865,84,0.488,91,0.231,0.414,0.463,3.1,1.3,5.1,3.2,29,0.37,0.04,1.04,6.5,102.8,110
Maurice Harkless,Lac,F-G,26.84,50,22.8,47.5,10.3,16.3,42,0.571,144,0.59,73,0.37,0.578,0.584,5.5,4,9.1,1,5.5,0.96,0.6,0.92,4.9,108.7,99.4
Maurice Harkless,Nyk,F-G,26.84,12,23.8,49.6,12.4,8.4,24,0.625,41,0.561,25,0.28,0.508,0.536,6.8,3.3,7.5,1.7,9.7,0.75,0.25,0.58,5.7,113.1,107
Max Strus,Chi,G-F,23.95,2,3.1,6.5,23.6,0,1,1,2,1,1,0,0.667,0.727,2.5,0.5,8.9,0,0,0,0,0,0,,
Maxi Kleber,Dal,F,28.12,66,25.7,53.5,13.9,8.7,80,0.863,180,0.594,286,0.374,0.574,0.603,9.2,5.4,11,1.2,6.2,0.3,1.2,0.73,6.1,122.3,104.8
Melvin Frazier Jr.,Orl,G-F,23.53,15,3.4,7.1,18.4,13.8,4,0.5,10,0.2,7,0.571,0.471,0.48,1.2,0.3,4.2,0.1,2.8,0.27,0.13,0.2,3.9,,
Meyers Leonard,Mia,C,28.04,49,20.1,42,12,13,26,0.654,104,0.625,119,0.429,0.635,0.64,6.1,5,14,1.1,7.7,0.27,0.31,0.71,6.4,116.6,100.5
Mfiondu Kabengele,Lac,F-C,22.58,12,5.4,11.2,23.4,5.5,5,1,12,0.417,20,0.45,0.578,0.614,3.5,0.9,8.8,0.2,4.8,0.17,0.17,0.17,6.4,118.9,95.8
Michael Carter-Williams,Orl,G,28.42,42,18.4,38.4,18.4,14.6,87,0.828,174,0.489,68,0.294,0.475,0.539,7.2,3.3,9.7,2.4,19.4,1.07,0.48,1.14,8.4,109.8,100.5
Michael Frazier,Hou,G,26.01,8,8.2,17.1,9.8,12.8,6,0.667,3,0.667,8,0.25,0.455,0.513,1.8,0.4,2.4,0.1,1.9,0.25,0,0.25,2,98.5,96.9
Michael Kidd-Gilchrist,Cha,F,26.46,12,13.3,27.7,17.6,10.9,9,0.778,36,0.361,17,0.294,0.387,0.421,4,2.9,12,0.8,9.5,0,0.25,0.58,6.3,91.2,104.6
Michael Kidd-Gilchrist,Dal,F,26.46,9,7.9,16.5,8.3,43.2,2,1,4,0.25,3,0,0.143,0.254,0.4,2.2,14.7,0.3,5,0.22,0.22,0.67,3.2,55.4,90
Michael Porter Jr.,Den,F,21.7,48,14,29.1,22,10.3,43,0.767,183,0.536,102,0.422,0.57,0.589,7.5,4.1,16.5,0.7,8,0.42,0.4,0.73,7.9,113.3,99.1
Mikal Bridges,Pho,F,23.53,65,27.3,56.8,12.4,12.5,105,0.848,248,0.621,159,0.352,0.585,0.623,8.7,4,8.1,1.8,8.9,1.48,0.6,1,5.8,118.6,105.9
Mike Conley,Uta,G,32.42,41,28.6,59.5,23,12.4,117,0.795,273,0.429,213,0.376,0.488,0.527,13.8,3.2,6.2,4.3,22.8,0.78,0.1,1.85,8,108.1,105.1
Mike Muscala,Okc,F-C,28.7,41,12,25,16.4,7.7,22,0.818,39,0.538,120,0.358,0.538,0.56,4.6,2.3,10.6,0.8,9.8,0.2,0.27,0.34,6.8,113.1,101.3
Mike Scott,Phi,F,31.65,63,17.8,37,13.8,6.7,30,0.833,115,0.496,204,0.358,0.522,0.539,5.7,3.6,11.1,0.8,5.9,0.32,0.08,0.38,5.7,112.7,105
Miles Bridges,Cha,F,21.98,65,30.7,64,20,10.4,131,0.809,453,0.486,300,0.33,0.489,0.52,13,5.6,9.9,1.8,9.4,0.62,0.74,1.45,6.6,102.9,109.4
Mitchell Robinson,Nyk,C-F,21.95,61,23.2,48.2,13.3,8.3,148,0.568,341,0.742,0,0,0.742,0.726,9.7,7,16.2,0.6,3.9,0.85,1.95,0.61,5.9,141.3,100.3
Miye Oni,Uta,G-F,22.6,5,2.1,4.5,12.3,33.3,0,0,1,0,1,0,0,0,0,0.4,10.3,0,0,0,0,0.2,0,,
Mo Bamba,Orl,C,21.83,60,14.5,30.1,17.2,12.2,46,0.674,178,0.534,104,0.356,0.534,0.549,5.5,5,18.5,0.7,7.3,0.37,1.4,0.7,7.4,110.5,96.2
Monte Morris,Den,G,24.71,65,21.6,44.9,17.3,8.3,62,0.823,340,0.494,144,0.375,0.514,0.537,8.4,1.7,4.4,3.5,23.3,0.82,0.25,0.71,6.8,116.5,110.7
Montrezl Harrell,Lac,F-C,26.12,63,27.8,57.8,25.6,10,351,0.658,795,0.592,18,0,0.579,0.606,18.6,7.1,13.2,1.7,10.3,0.63,1.11,1.71,8.7,118.5,102
Moritz Wagner,Was,F-C,22.88,37,19.1,39.8,18.8,17.2,82,0.817,161,0.671,67,0.343,0.625,0.666,9.5,5.2,14.9,1.3,10.1,0.59,0.46,1.49,8.4,118.3,97.9
Moses Brown,Por,C,20.41,9,3.7,7.6,21.3,18.2,8,0.375,10,0.4,0,0,0.4,0.407,1.2,1.6,22.1,0.1,4.1,0.11,0.11,0.33,6.2,,
Mychal Mulder,Gol,G,25.75,7,29.1,60.6,16.2,6.5,12,0.75,15,0.667,52,0.308,0.507,0.533,11,3.3,6.1,1.1,5.9,0.29,0.14,0.71,4.7,104.5,109.5
Myles Turner,Ind,C-F,23.97,55,29.6,61.7,17.5,10.5,144,0.75,288,0.542,229,0.336,0.525,0.561,11.8,6.6,12.3,1.1,5.1,0.76,2.18,1.24,6,107.7,102.3
Nassir Little,Por,F-G,20.08,48,11.9,24.8,13.7,8.1,44,0.636,92,0.554,59,0.237,0.477,0.505,3.6,2.3,9.8,0.5,5.1,0.27,0.31,0.31,5.4,107.8,105.2
Naz Mitrou-Long,Ind,G,26.61,3,14.2,29.5,18.6,11.1,0,0,5,0.8,11,0.182,0.438,0.438,4.7,2,7.8,2.3,22.5,0.33,0.33,0.67,7.8,93.9,110.5
Naz Reid,Min,C-F,20.54,30,16.5,34.4,24,7.6,53,0.698,146,0.466,97,0.33,0.477,0.505,9,4.1,13.2,1.2,11.2,0.63,0.73,0.73,8.6,104.4,97.6
Nemanja Bjelica,Sac,F,31.84,64,28.5,59.3,17.4,12.5,73,0.822,309,0.524,296,0.422,0.578,0.596,11.9,6.4,12.7,2.8,14.6,0.83,0.52,1.42,8.4,117.2,103.2
Nerlens Noel,Okc,C-F,25.92,55,18.4,38.4,15.3,15.4,98,0.765,251,0.689,3,0.333,0.687,0.714,7.7,4.9,14.8,1,7.9,1.02,1.49,0.98,7.3,130.5,94.4
Nickeil Alexander-Walker,Nor,G,21.52,41,12.2,25.4,22.8,14.3,28,0.607,110,0.336,117,0.342,0.427,0.441,5.1,2,8.4,1.8,20.4,0.27,0.17,0.98,8.6,90.7,106.5
Nicolas Batum,Cha,G-F,31.24,22,23,47.8,9.4,20.5,10,0.9,32,0.438,49,0.286,0.432,0.463,3.6,4.5,10.7,3,18,0.77,0.36,1,6.3,105.5,106.6
Nicolas Claxton,Bro,F-C,20.9,15,12.5,26,14.8,13.6,21,0.524,41,0.634,7,0.143,0.573,0.577,4.4,2.9,12.1,1.1,12.6,0.07,0.53,0.6,7.7,117.2,105.7
Nicolo Melli,Nor,F,29.12,52,17.1,35.6,15.9,12.1,60,0.733,98,0.592,180,0.361,0.559,0.583,6.8,3,9.3,1.3,10.2,0.58,0.37,0.81,7,113.1,103.2
Nigel Williams-Goss,Uta,G,25.49,9,3.1,6.4,15.7,20.2,2,1,5,0.2,2,0,0.143,0.254,0.4,0.6,9.9,0.6,22.7,0.11,0.11,0.22,6.8,,
Nikola Jokic,Den,C,25.06,65,32.3,67.3,26.6,15.6,268,0.813,743,0.594,226,0.314,0.565,0.604,20.2,10.2,17.6,6.9,34.3,1.18,0.66,3.09,13.9,118.4,99.9
Nikola Vucevic,Orl,C,29.38,54,32.6,68,25.8,7.3,146,0.781,661,0.523,249,0.329,0.515,0.54,19.5,11,18.1,3.7,20,0.85,0.87,1.43,11.4,112.4,102.5
Noah Vonleh,Min,F,24.55,29,12,25,13.8,15.5,28,0.821,72,0.625,14,0.143,0.558,0.605,4.1,4,17.6,0.9,10.8,0.38,0.21,0.62,8.2,119.7,103.4
Noah Vonleh,Den,F,24.55,4,4.2,8.7,15.3,34,2,0.5,2,1,1,1,1.167,1.031,2,1.8,23.3,0.3,8.8,0,0,0.5,9.8,130.7,99.6
Norman Powell,Tor,G,26.8,44,28.8,60.1,21.5,10.2,130,0.838,278,0.594,236,0.398,0.595,0.631,16.4,3.6,6.7,1.8,9.7,1.25,0.39,1.48,6.6,116.7,102.4
Norvel Pelle,Phi,F,27.1,20,8.9,18.6,12.9,24.4,12,0.5,35,0.514,0,0,0.514,0.521,2.1,3,18.6,0.4,5.3,0.05,1.2,0.65,6.1,94.9,87.3
OG Anunoby,Tor,F,22.65,63,30.1,62.7,14.4,11.7,86,0.686,312,0.593,215,0.381,0.584,0.598,10.7,5.4,9.5,1.6,7.5,1.41,0.67,1.19,6,113.2,100.1
Omari Spellman,Gol,F,22.64,49,18.1,37.7,18.7,13.6,92,0.793,185,0.454,110,0.391,0.503,0.551,7.6,4.4,13.3,1,8.1,0.67,0.49,1.08,7.1,106.5,109
Oshae Brissett,Tor,F-G,21.73,19,7.1,14.8,15,14.8,10,0.8,21,0.476,15,0.2,0.403,0.458,1.9,1.4,10.2,0.4,7,0.21,0.05,0.37,5.8,95.7,96
Otto Porter Jr.,Chi,F,26.77,14,23.6,49.2,21,6.8,27,0.704,78,0.487,62,0.387,0.529,0.55,11.9,3.4,8,1.8,11.9,1.07,0.43,0.79,7.1,112.2,105
P.J. Tucker,Hou,F,34.85,64,34.4,71.7,8.6,14.6,44,0.841,117,0.573,257,0.37,0.56,0.58,7.1,6.9,10.5,1.6,5.9,1.11,0.52,1.05,5,115.9,103.9
P.J. Washington,Cha,F,21.55,58,30.3,63.2,18.6,12.5,135,0.652,359,0.507,230,0.374,0.528,0.548,12.2,5.4,9.8,2.1,11.3,0.9,0.78,1.6,6.8,104.5,105.9
Pascal Siakam,Tor,F,25.94,53,35.5,74,28.5,10.5,275,0.8,680,0.506,320,0.359,0.517,0.559,23.6,7.5,11.2,3.6,17,1,0.92,2.49,9.7,108.3,100.2
Pat Connaughton,Mil,G,27.18,61,18.3,38.2,11.9,14.2,36,0.75,124,0.605,137,0.321,0.54,0.558,5.1,4.2,11.4,1.6,10.6,0.33,0.51,0.75,7.1,112.5,100
Patrick Beverley,Lac,G,31.66,48,27.1,56.4,13,15.7,41,0.659,127,0.504,198,0.379,0.543,0.554,7.9,5.4,10.3,3.7,18.2,1.1,0.52,1.33,8,114.3,97.8
Patrick McCaw,Tor,G,24.38,37,24.5,51.1,9.4,14.6,18,0.722,91,0.484,71,0.324,0.485,0.5,4.6,2.3,5,2.1,11.4,1.05,0.11,0.78,4.6,105.1,104.4
Patrick Patterson,Lac,F,31,51,11.9,24.8,15.1,8.1,34,0.794,46,0.457,142,0.387,0.551,0.576,4.6,2.4,10.3,0.6,6.9,0.12,0.06,0.35,6.3,117.7,104.8
Patty Mills,San,G,31.58,63,22.7,47.3,20.5,7.6,108,0.861,187,0.529,389,0.38,0.557,0.589,11.7,1.6,3.7,1.8,11.3,0.83,0.1,0.81,5.7,114.6,111.6
Paul George,Lac,F,29.86,42,29.1,60.6,29.6,13,187,0.882,341,0.463,333,0.399,0.53,0.582,21,5.7,10.2,3.9,21.2,1.33,0.48,2.69,10.7,110.6,100.3
Paul Millsap,Den,F,35.08,44,24.4,50.9,20.3,12.1,126,0.833,278,0.504,109,0.44,0.548,0.598,12,5.9,13.5,1.6,9.5,0.86,0.64,1.39,7.9,116.7,99.8
Paul Watson,Atl,G,25.2,2,8.8,18.2,16.6,0,0,0,4,0,3,0,0,0,0,1,6.2,1.5,20.5,0.5,0,0,0,27.2,112.6
Paul Watson,Tor,G,25.2,3,2.8,5.8,9.6,0,2,0.5,0,0,1,0,0,0.266,0.3,0.7,12.6,0.7,28.4,0,0.33,0,7.5,,
PJ Dozier,Den,G-F,23.38,21,11.1,23.2,19.9,10.3,11,0.636,63,0.46,28,0.25,0.434,0.449,4.1,1.4,7.1,1.4,17.5,0.33,0.24,0.52,7.2,96.2,102
Quinn Cook,Lal,G,26.97,38,10.8,22.4,20.9,12.4,9,0.667,107,0.477,66,0.379,0.512,0.517,4.8,1.1,5.3,1.1,13.9,0.29,0.03,0.66,6.7,100,106.3
Quinndary Weatherspoon,San,G,23.5,3,5,10.5,8.6,0,0,0,2,0,1,0,0,0,0,0.3,3.6,0.3,7.6,0,0,0,0,21.3,121.2
Rajon Rondo,Lal,G,34.05,48,20.5,42.7,18.7,20.9,41,0.659,202,0.475,125,0.328,0.482,0.496,7.1,3,7.9,5,32.3,0.81,0.04,1.9,9.2,102.8,104.1
Raul Neto,Phi,G,27.81,49,11.5,24,17.6,18.3,31,0.839,103,0.495,71,0.394,0.534,0.565,4.3,1.1,5.1,1.6,19.3,0.45,0.1,0.86,6.8,105.8,105.4
Rayjon Tucker,Uta,G,22.46,14,5.6,11.6,13.7,12.4,5,0.6,13,0.615,6,0,0.421,0.448,1.4,0.9,9.2,0.1,3.5,0.07,0,0.21,3.6,88.3,103.5
Reggie Bullock,Nyk,G-F,28.99,29,23.6,49.2,15.6,7.5,21,0.81,113,0.469,111,0.333,0.484,0.502,8.1,2.3,5.3,1.4,8.8,0.86,0.1,0.66,5,104.3,109.3
Reggie Jackson,Det,G,29.9,14,27.2,56.7,27,9.8,33,0.788,116,0.388,82,0.378,0.462,0.492,14.9,2.9,6.1,5.1,30.8,0.57,0.07,1.64,8.9,105.6,112.5
Reggie Jackson,Lac,G,29.9,9,19.5,40.5,19.1,21.1,10,0.9,28,0.607,31,0.452,0.644,0.67,9.4,2.9,7.7,3.2,24.2,0.22,0.44,1.89,9.1,117.2,101.1
Richaun Holmes,Sac,F,26.41,39,28.9,60.1,16.1,11.8,100,0.8,322,0.652,0,0,0.652,0.683,12.8,8.3,16.3,1,5.4,1,1.41,1.26,6.6,130.5,99
Ricky Rubio,Pho,G,29.39,57,31.6,65.9,20.2,18.1,204,0.853,423,0.44,188,0.351,0.466,0.531,13.1,4.6,8.2,8.9,39.9,1.54,0.16,2.72,10.3,111.6,106.1
RJ Barrett,Nyk,F-G,19.74,56,30.4,63.4,24,12.9,254,0.614,530,0.432,197,0.32,0.445,0.479,14.3,5,8.8,2.6,12.8,0.95,0.3,2.21,7.5,94.5,109.3
Robert Covington,Min,F,29.24,48,29.4,61.2,17.8,12,94,0.798,184,0.587,312,0.346,0.544,0.572,12.8,6,10.7,1.2,5.9,1.67,0.94,1.52,6.1,105.4,103.2
Robert Covington,Hou,F,29.24,14,32.6,67.8,16.2,11.2,14,0.786,40,0.6,112,0.357,0.553,0.566,12.8,7.9,12.7,1.3,5.5,1,2.5,1.43,6.2,108.6,101.4
Robert Williams III,Bos,C-F,22.4,23,14,29.2,12.2,20.7,25,0.56,62,0.677,0,0,0.677,0.671,4.3,4.7,18,1,9.5,0.91,1.22,0.83,7.8,123,92.9
Robin Lopez,Mil,C,31.94,60,14.4,29.9,16.6,15.6,43,0.535,177,0.588,96,0.344,0.562,0.565,5.5,2.4,8.4,0.7,6.4,0.17,0.68,0.9,5.8,103.4,98.1
Rodions Kurucs,Bro,F,22.1,39,12.8,26.7,15.2,19.3,28,0.607,69,0.507,65,0.385,0.541,0.554,4.2,2.5,10,0.8,9.4,0.44,0.08,0.9,6.4,98.6,97.4
Rodney Hood,Por,G-F,27.39,21,29.5,61.4,13.9,9.4,27,0.778,101,0.515,71,0.493,0.608,0.625,11,3.4,6,1.5,7.1,0.81,0.19,0.9,5.2,120.6,111.8
Rodney McGruder,Lac,G,28.62,50,15,31.2,10.5,11.1,28,0.536,77,0.506,79,0.278,0.462,0.472,3.2,2.6,8.8,0.6,5.3,0.46,0.16,0.42,4.6,98.9,101.7
Romeo Langford,Bos,G-F,20.38,27,11,23,11.9,10.8,23,0.696,41,0.463,23,0.217,0.414,0.465,2.6,1.2,5.8,0.2,2.6,0.26,0.22,0.33,3.1,97.8,103.6
Rondae Hollis-Jefferson,Tor,F,25.19,52,19.2,40,17.1,12,129,0.736,278,0.493,17,0.118,0.475,0.533,7.2,4.9,13.5,1.7,12.9,0.85,0.42,0.92,8.2,114.8,97.4
Royce O'Neale,Uta,F,26.77,64,29.1,60.6,9.3,12.7,49,0.735,110,0.536,211,0.389,0.567,0.584,6.3,5.3,10,2.5,11.5,0.73,0.44,0.78,6,118.5,101.2
Rudy Gay,San,F-G,33.57,60,21.5,44.7,21.2,12.4,113,0.876,317,0.517,185,0.314,0.5,0.545,10,5.4,13.5,1.7,11.3,0.43,0.47,1.3,8.4,105.1,108.7
Rudy Gobert,Uta,C,27.71,62,34.6,72,16.1,15.2,367,0.621,506,0.698,0,0,0.698,0.7,15.1,13.7,21.8,1.5,6.5,0.73,1.98,1.94,7.8,130,98.5
Rui Hachimura,Was,F,22.09,41,29.7,61.9,18.7,7.5,111,0.829,383,0.517,73,0.274,0.5,0.543,13.4,6,11.2,1.7,8.3,0.83,0.17,1,6.9,111.4,111.9
Russell Westbrook,Hou,G,31.33,53,35.9,74.9,34.4,14.9,346,0.777,998,0.518,201,0.254,0.495,0.539,27.5,8.1,11.8,7,35,1.68,0.32,4.45,12.9,106.6,102.2
Ryan Anderson,Hou,F,31.85,2,7,14.6,23.6,12.5,0,0,2,0.5,5,0.2,0.357,0.357,2.5,3.5,26.2,1,20.1,0.5,0,0.5,11.8,78.2,94.4
Ryan Arcidiacono,Chi,G,25.96,58,16,33.4,12.5,13.5,38,0.711,82,0.439,138,0.391,0.532,0.551,4.5,1.9,6.5,1.7,14.3,0.47,0.05,0.64,6.1,111,105.3
Ryan Broekhoff,Dal,G-F,29.55,17,10.6,22.1,16.3,8.8,8,0.875,8,0.25,51,0.392,0.542,0.568,4.2,2.5,12.5,0.6,8.3,0.29,0.24,0.35,7,114,103
Sekou Doumbouya,Det,F,19.22,38,19.8,41.3,16.9,12,46,0.674,138,0.464,98,0.286,0.449,0.474,6.4,3.1,8.9,0.5,3.7,0.53,0.21,0.92,4.3,90.3,105.2
Semi Ojeleye,Bos,F,25.27,61,14.6,30.4,8.8,6.5,28,0.893,61,0.475,98,0.367,0.522,0.557,3.1,2,7.5,0.5,4.5,0.3,0.08,0.2,4,118.6,105.3
Serge Ibaka,Tor,F,30.48,50,27.5,57.4,24.1,12.9,119,0.748,457,0.562,166,0.398,0.571,0.593,16,8.3,15.9,1.5,8.8,0.48,0.84,2,8.5,109.3,97.1
Seth Curry,Dal,G,29.55,59,24.5,51.1,18.6,9.5,88,0.841,232,0.56,300,0.453,0.628,0.65,12.6,2.3,5,2,12.1,0.61,0.14,1.02,6.3,123.9,108.3
Shabazz Napier,Min,G,28.66,36,23.8,49.6,19.1,19.1,88,0.818,124,0.54,159,0.296,0.486,0.539,9.6,3.1,6.8,5.2,31.3,1.14,0.19,2.11,9,107.6,108.9
Shabazz Napier,Was,G,28.66,15,25.2,52.5,20.7,18.6,53,0.83,67,0.478,63,0.381,0.523,0.587,12,2.4,5.2,4.4,24.2,1.73,0.13,2.33,8,110.6,110.7
Shai Gilgeous-Alexander,Okc,G-F,21.67,63,35.1,73.2,23.7,9.9,317,0.801,711,0.512,222,0.351,0.516,0.567,19.3,6.1,9.6,3.3,14.8,1.11,0.71,1.87,8.3,111.4,106.5
Shake Milton,Phi,G-F,23.46,32,19.1,39.8,19.6,13.7,51,0.765,111,0.541,106,0.453,0.608,0.633,9.5,2.1,6.1,2.2,17.4,0.56,0.19,1.19,7.4,117.1,101.5
Shamorie Ponds,Tor,G,19.63,4,2.7,5.5,23.8,0,2,1,3,0.667,2,0.5,0.7,0.765,2.3,0.3,5,0.5,33.9,0,0.25,0,10.4,,
Shaquille Harrison,Chi,G,26.43,43,11.3,23.5,18.1,9.2,50,0.78,123,0.496,42,0.381,0.515,0.559,4.9,2,9.7,1.1,15.3,0.81,0.44,0.44,7.8,115.9,100.3
Skal Labissiere,Por,F-C,23.98,33,17.2,35.8,14.3,15.7,33,0.758,134,0.582,13,0.231,0.561,0.588,5.8,5.1,15.4,1.3,10.2,0.21,0.94,0.91,7.8,119.7,100.7
Solomon Hill,Mem,F,28.98,48,18.8,39.1,13.3,13.9,38,0.684,86,0.465,146,0.384,0.534,0.551,5.7,3,8.4,2,13.3,0.65,0.15,0.83,6.9,109.1,106.5
Solomon Hill,Mia,F,28.98,6,15.2,31.6,11.5,29.5,4,1,6,0.167,9,0.333,0.367,0.447,2.5,1.7,6.2,0.7,5.7,0.83,0.83,1.17,3.8,78.6,107
Spencer Dinwiddie,Bro,G,26.93,64,31.2,64.9,29.2,12.5,446,0.778,620,0.485,400,0.308,0.476,0.542,20.6,3.5,5.7,6.8,35.5,0.63,0.33,2.72,10.1,111.3,104.3
Stanley Johnson,Tor,F-G,23.78,20,4.8,10,18.5,19.2,6,0.833,18,0.333,13,0.154,0.29,0.342,1.2,1.1,12.1,0.4,11,0.2,0.1,0.4,6.7,71.5,96.2
Stanton Kidd,Uta,F,27.98,4,3.8,8,14.3,40,0,0,2,0,1,0,0,0,0,0.8,10.8,0.3,7.8,0,0,0.5,0,,
Stephen Curry,Gol,G,31.99,5,27.9,58,33.6,14.6,26,1,33,0.636,49,0.245,0.476,0.557,20.8,5.2,10.1,6.6,42.2,1,0.4,3.2,12.8,109,108.3
Sterling Brown,Mil,G-F,25.08,45,14.8,30.8,16.7,13.4,35,0.771,104,0.423,114,0.316,0.45,0.478,5,3.7,12.3,1,8.8,0.49,0.16,0.8,7.1,95.7,97
Steven Adams,Okc,C,26.64,58,27,56.2,17.2,14.3,183,0.59,440,0.593,3,0.333,0.593,0.605,10.9,9.4,19.3,2.4,13.5,0.86,1.12,1.5,9.3,123,102.2
Svi Mykhailiuk,Det,G-F,22.75,56,22.6,47.1,17.1,12.3,70,0.814,120,0.425,285,0.404,0.552,0.578,9,1.9,4.7,1.9,12.3,0.73,0.07,1.09,5.6,109.9,110.6
T.J. McConnell,Ind,G,27.96,63,18.9,39.3,17.2,18.5,36,0.833,348,0.523,15,0.333,0.522,0.54,6.5,2.6,7.7,5,37.2,0.71,0.17,1.37,9.3,112.8,106.7
T.J. Warren,Ind,F,26.52,61,32.5,67.8,22.8,7.7,186,0.812,685,0.571,184,0.375,0.569,0.599,18.7,4,6.7,1.4,6.8,1.15,0.44,1.3,5.8,114.1,104.3
Tacko Fall,Bos,C,24.25,6,4,8.4,28.9,18.4,3,0.333,12,0.75,0,0,0.75,0.713,3.2,1.8,24.5,0,0,0.17,0.33,0.5,0,98.5,78.4
Taj Gibson,Nyk,F,34.72,62,16.5,34.4,14.8,12.9,56,0.732,272,0.599,14,0.286,0.591,0.61,6.1,4.3,13.9,0.8,7.6,0.44,0.48,0.74,6.7,119.4,103.7
Talen Horton-Tucker,Lal,G,19.29,2,2.7,5.5,8,0,0,0,0,0,1,0,0,0,0,0,0,1,42.3,0.5,0,0,0,,
Tariq Owens,Pho,F,24.7,3,5.1,10.7,16.2,0,2,1,3,0.333,2,0,0.2,0.34,1.3,1,10.8,0,0,0.33,0,0,0,94.9,108.1
Taurean Prince,Bro,F,25.97,64,29,60.5,20.4,14,89,0.798,308,0.429,431,0.339,0.475,0.497,12.1,6,10.6,1.8,9.3,0.89,0.39,1.98,7,93.7,101.8
Terance Mann,Lac,G-F,23.4,35,7.7,16.1,11.3,19.1,12,0.75,42,0.452,12,0.25,0.435,0.472,1.6,0.9,6.3,1.1,18,0.23,0.14,0.4,6.1,100.9,98
Terence Davis,Tor,G,22.82,64,17,35.4,18.9,13.6,52,0.865,169,0.55,222,0.396,0.575,0.598,7.7,3.4,10.5,1.7,14.6,0.5,0.19,1.02,8.3,113,99.2
Terrance Ferguson,Okc,G,21.82,50,23.4,48.8,9,12.6,19,0.789,44,0.636,155,0.297,0.487,0.504,4.2,1.5,3.5,0.9,5,0.5,0.32,0.6,3,99.8,102.3
Terrence Ross,Orl,G-F,29.1,63,27.4,57,22.8,6.8,161,0.845,323,0.477,454,0.357,0.511,0.548,14.8,3.2,6.3,1.2,6.8,1.1,0.35,0.98,5.6,106.5,107
Terry Rozier,Cha,G,25.99,63,34.4,71.6,23.8,12.1,191,0.869,518,0.436,425,0.405,0.513,0.552,18,4.4,7,4.1,20.3,0.95,0.16,2.24,8,108.1,110.8
Thabo Sefolosha,Hou,F-G,35.86,41,10.6,22.1,10.4,13.7,8,0.375,37,0.595,54,0.278,0.489,0.487,2.2,2.3,11.2,0.6,7.5,0.59,0.29,0.37,5.5,103.1,101.9
Thaddeus Young,Chi,F,31.72,64,24.9,51.8,19.7,13.9,72,0.583,379,0.501,223,0.354,0.512,0.52,10.3,4.9,10.9,1.8,11.3,1.44,0.36,1.59,7.2,100.3,104.4
Thanasis Antetokounmpo,Mil,F,27.65,18,5.2,10.8,23.8,20.5,15,0.467,29,0.655,7,0,0.528,0.528,2.5,1.1,10.1,0.5,13.8,0.33,0.11,0.61,8.6,98.3,90.6
Theo Pinson,Bro,G-F,24.35,33,11.1,23.1,22.3,16.9,16,0.938,75,0.4,80,0.188,0.339,0.37,3.6,1.6,7.6,1.7,21.9,0.52,0.12,1,7.7,80.4,101.5
Thomas Bryant,Was,C-F,22.61,38,23.7,49.4,18.3,12.1,94,0.734,253,0.64,54,0.407,0.635,0.659,12.1,6.8,15.8,1.9,11.9,0.37,0.87,1.26,9.1,125.6,108.8
Thon Maker,Det,F-C,23.04,60,12.9,26.9,16.1,15.7,110,0.664,129,0.55,64,0.344,0.539,0.582,4.7,2.8,12.2,0.7,8,0.42,0.65,0.75,6.5,110.9,101.6
Tim Frazier,Det,G,29.36,27,13.1,27.4,17.3,25.6,24,0.792,64,0.375,30,0.333,0.415,0.464,3.6,1.2,5.3,3.4,36.6,0.52,0.11,1.33,7.5,99.2,104.8
Tim Hardaway Jr.,Dal,G,27.99,63,28.8,60,21.7,6.6,151,0.801,337,0.478,455,0.407,0.554,0.581,15.8,3.1,5.7,2,10.2,0.65,0.08,0.97,6.4,115.6,109.3
Timothe Luwawu-Cabarrot,Bro,G-F,24.84,39,17.2,35.8,15.7,12.7,62,0.839,83,0.47,109,0.358,0.508,0.563,6.3,2.3,7,0.6,5.3,0.38,0.13,0.82,4.8,107.2,100.8
TJ Leaf,Ind,F,22.87,25,7.7,16.1,18.5,8.6,12,0.583,55,0.455,14,0.357,0.471,0.485,2.9,2.5,18,0.2,4.3,0.32,0.12,0.28,5.9,103.3,99.3
Tobias Harris,Phi,F,27.66,65,34.5,71.9,23.6,7.9,191,0.806,723,0.521,323,0.362,0.528,0.557,19.4,6.8,10.8,3.2,14.6,0.74,0.54,1.49,8.7,111.6,105.3
Tomas Satoransky,Chi,G,28.37,65,28.9,60.2,16.7,17.7,121,0.876,352,0.491,199,0.322,0.488,0.533,9.9,3.9,7.5,5.4,27.1,1.23,0.11,2,8.2,110.3,108
Tony Bradley,Uta,C-F,22.09,50,10.7,22.3,16,11.8,40,0.65,154,0.662,1,1,0.668,0.675,4.7,4.3,22.1,0.3,4.9,0.24,0.5,0.46,6.8,134.8,90.2
Tony Snell,Det,G,28.34,59,27.8,57.9,11.4,7.3,32,1,128,0.531,254,0.402,0.579,0.598,8,1.9,3.8,2.2,10.9,0.54,0.25,0.53,4.6,121.4,112.4
Torrey Craig,Den,F,29.23,50,17.4,36.2,12.2,9,31,0.645,99,0.606,109,0.33,0.548,0.559,5,3.1,10,0.7,5.2,0.36,0.64,0.44,5.1,114.1,100.5
Trae Young,Atl,G,21.48,60,35.3,73.6,34.9,16.2,559,0.86,681,0.501,568,0.361,0.519,0.595,29.6,4.2,6.4,9.3,45.6,1.08,0.13,4.8,11.9,113.4,115.2
Tremont Waters,Bos,G,22.17,10,8.9,18.5,22.9,21,6,1,18,0.5,17,0.176,0.386,0.438,3.3,0.9,5.4,1.2,18.8,0.5,0.2,1,6.9,82.9,97.5
Treveon Graham,Min,G-F,26.37,33,20.1,41.9,13.1,9,37,0.73,93,0.452,83,0.241,0.409,0.445,5.2,3.1,8,0.9,6.1,0.52,0.06,0.58,4.9,96.3,107.4
Treveon Graham,Atl,G-F,26.37,22,12.1,25.2,13.3,11.7,19,0.474,30,0.4,37,0.351,0.47,0.478,3.3,2.3,10.1,0.7,7.6,0.32,0.18,0.45,5.8,102.8,106.2
Trevor Ariza,Sac,F,34.7,32,24.7,51.5,11.3,13.7,27,0.778,43,0.488,122,0.352,0.518,0.543,6,4.6,10.4,1.6,8.4,1.09,0.25,0.88,5.7,107.4,105.5
Trevor Ariza,Por,F,34.7,21,33.4,69.6,12.6,13.5,47,0.872,74,0.595,85,0.4,0.597,0.643,11,4.8,7.4,2,7.7,1.62,0.38,1.33,5.7,120.7,110.5
Trey Burke,Phi,G,27.33,25,13.1,27.4,19.3,8.2,18,0.722,89,0.483,38,0.421,0.528,0.545,5.9,1.4,5.7,2.1,24.2,0.28,0.04,0.48,7.9,117.8,108.2
Trey Lyles,San,F,24.35,63,20.2,42,13.7,9.7,45,0.733,175,0.503,168,0.387,0.541,0.557,6.4,5.7,15.3,1.1,7.3,0.44,0.44,0.62,6.8,112.8,107.2
Tristan Thompson,Cle,C-F,29,57,30.2,62.9,18.3,14,161,0.615,538,0.519,23,0.391,0.521,0.541,12,10.1,18.6,2.1,10.5,0.56,0.88,1.81,8.4,110.7,109.5
Troy Brown Jr.,Was,G-F,20.62,61,24.9,51.9,17,10.5,114,0.754,361,0.496,145,0.345,0.502,0.534,9.7,5.3,11.7,2.3,13,1.23,0.1,1.07,7.9,109.3,110.2
Troy Daniels,Lal,G,28.66,41,11.1,23.2,16.1,5.2,16,0.625,46,0.478,112,0.357,0.519,0.527,4.2,1.1,5.5,0.3,4.1,0.2,0.07,0.22,4,107.7,106
Troy Daniels,Den,F,28.66,1,0.7,1.5,62.1,0,0,0,0,0,1,0,0,0,0,0,0,0,0,0,0,0,0,,
Ty Jerome,Pho,G-F,22.68,28,11.3,23.4,17.6,13.8,14,0.786,59,0.407,47,0.277,0.41,0.437,3.5,1.5,7.2,1.5,18.8,0.5,0.11,0.64,7,92.6,105.6
Tyler Cook,Cle,F,22.47,11,3.2,6.6,16.7,7.3,6,0.833,10,0.7,0,0,0.7,0.752,1.7,0.9,15.9,0.1,4.5,0.09,0,0.09,6.7,,
Tyler Herro,Mia,G,20.14,47,27.2,56.7,22,11.3,79,0.835,279,0.434,253,0.391,0.507,0.534,12.9,4,8.2,1.9,11.1,0.64,0.15,1.53,6.8,99.9,108.7
Tyler Johnson,Pho,G,27.84,31,16.6,34.6,17.2,11.5,32,0.75,88,0.466,83,0.289,0.45,0.481,5.7,1.7,5.6,1.6,13.5,0.39,0.26,0.77,6,97.8,108.3
Tyrone Wallace,Atl,G,25.75,14,11.5,23.9,15.9,16.3,17,0.647,29,0.448,15,0.067,0.33,0.389,2.9,1.6,7.4,0.9,10.8,0.5,0.07,0.71,5.6,79.7,106.6
Tyson Chandler,Hou,C,37.44,26,8.4,17.6,6,25.2,13,0.462,18,0.778,0,0,0.778,0.717,1.3,2.5,15.8,0.2,3.5,0.23,0.31,0.31,4.1,133.4,97.9
Tyus Jones,Mem,G,23.84,65,19,39.5,17.2,10.8,58,0.741,305,0.492,124,0.379,0.514,0.532,7.4,1.6,4.3,4.4,31.7,0.91,0.09,0.85,7.9,116.2,112.3
Udonis Haslem,Mia,F,39.75,3,6.9,14.3,16.6,0,4,0.75,4,0.25,2,0,0.167,0.322,1.7,2.7,21.8,0.3,6.3,0,0,0,6.4,79.2,92.5
Vic Law,Orl,F,24.23,5,1.9,3.9,18,0,2,0,2,0,1,0,0,0,0,0.2,5.8,0,0,0,0,0,0,,
Victor Oladipo,Ind,G,27.85,13,26,54.1,27,13.5,41,0.78,92,0.457,69,0.304,0.457,0.5,13.8,3.2,6.7,3,16.9,0.85,0.23,2.15,7.8,95.8,106.9
Vince Carter,Atl,G-F,43.12,60,14.6,30.4,16.6,9.4,29,0.793,102,0.451,202,0.302,0.452,0.47,5,2.1,7.6,0.8,7.7,0.38,0.42,0.55,5.6,94.2,109.2
Vincent Poirier,Bos,C-F,26.37,21,5.4,11.3,15.8,14.3,7,0.857,31,0.484,2,0.5,0.5,0.54,1.9,1.6,16,0.3,8.7,0.1,0.29,0.29,7.2,109.9,87.8
Vlatko Cancar,Den,F,22.92,14,3.2,6.8,18.9,15.2,4,1,9,0.556,6,0.167,0.433,0.507,1.2,0.7,12.3,0.2,9,0.07,0.07,0.21,6.9,,
Wayne Ellington,Nyk,G,32.28,36,15.5,32.3,15,9.1,13,0.846,31,0.355,143,0.35,0.494,0.509,5.1,1.8,6.2,1.2,11,0.36,0.11,0.5,5.7,105,110.3
Wendell Carter Jr.,Chi,C-F,20.9,43,29.2,60.8,16.4,14.9,152,0.737,314,0.564,29,0.207,0.542,0.59,11.3,9.4,17.7,1.2,6,0.77,0.84,1.67,6.9,114.6,99.1
Wenyen Gabriel,Sac,F,22.96,11,5.6,11.6,18.8,18.9,10,0.6,9,0.556,8,0.125,0.382,0.444,1.7,0.9,9.2,0.3,6.7,0.27,0.18,0.45,5.5,86.7,102.8
Wenyen Gabriel,Por,F,22.96,17,8.8,18.3,12.6,24.8,10,0.8,17,0.529,12,0.417,0.569,0.614,2.4,2.1,12.5,0.3,4.3,0.41,0.24,0.65,5.2,108.3,96.5
Wes Iwundu,Orl,F,25.23,45,18,37.5,13.1,7.7,76,0.816,126,0.444,67,0.313,0.453,0.523,5.3,2.5,7.4,1,7.9,0.56,0.24,0.42,5.3,110.6,105.3
Wesley Matthews,Mil,G,33.41,62,24.7,51.4,12.7,8.7,63,0.762,124,0.468,277,0.365,0.522,0.545,7.5,2.6,5.2,1.5,7.4,0.58,0.15,0.66,5,108.5,101.3
Will Barton,Den,G,29.18,58,33,68.8,20.1,9.9,135,0.77,450,0.498,288,0.375,0.523,0.549,15.1,6.3,10.6,3.7,16,1.07,0.5,1.52,8.6,112.1,106.5
William Howard,Hou,F-G,26.38,2,6.7,13.9,15.5,20,0,0,0,0,4,0,0,0,0,1,7.9,0.5,8.8,0,0,0.5,0,13.9,107.8
Willie Cauley-Stein,Gol,C,26.57,41,22.9,47.8,14.4,11,57,0.614,257,0.56,0,0,0.56,0.573,7.9,6.2,14.7,1.5,9.9,1.12,1.22,0.85,7.3,114,103.2
Willie Cauley-Stein,Dal,C,26.57,13,12.1,25.2,14.7,9.3,9,0.556,44,0.705,1,0,0.689,0.684,5.2,4.6,20,0.8,9.6,0.31,0.85,0.38,8.8,134.6,96.5
Willy Hernangomez,Cha,C-F,25.79,31,12.1,25.2,22.9,15.4,59,0.627,117,0.59,22,0.227,0.55,0.576,6.1,4.4,19.6,0.9,13.5,0.32,0.23,0.97,9.6,109.5,103.7
Wilson Chandler,Bro,F,32.84,35,21,43.7,12.9,15,23,0.87,62,0.597,121,0.306,0.505,0.531,5.9,4.2,10.2,1.1,7.4,0.46,0.34,0.97,5.7,99.2,99.9
Yogi Ferrell,Sac,G,26.84,44,11,22.9,18.9,11.9,37,0.865,100,0.48,69,0.275,0.453,0.499,4.2,1.1,5.6,1.3,17.5,0.32,0.09,0.57,6.6,102.9,110.3
Yuta Watanabe,Mem,G-F,25.41,16,6.2,12.8,14.6,5.8,8,0.375,21,0.429,8,0.375,0.466,0.461,1.9,1.1,9,0.3,5.3,0.25,0.06,0.13,5.5,100.5,105.7
Zach Collins,Por,F-C,22.31,3,28.8,60,13.6,21.7,6,1,12,0.5,7,0.429,0.553,0.624,9,4,7.2,2,9.1,0,0.67,2,5.8,111.5,107.7
Zach LaVine,Chi,G-F,25.01,60,34.8,72.4,31.7,13.3,334,0.802,716,0.496,484,0.38,0.526,0.568,25.5,4.8,7.7,4.2,21.7,1.45,0.47,3.43,9.2,106.5,108.4
Zach Norvell Jr.,Lal,G-F,22.26,2,2.5,5.1,8.6,0,0,0,1,0,0,0,0,0,0,0.5,11.1,0,0,0,0,0,0,,
Zach Norvell Jr.,Gol,G-F,22.26,3,12,25,17.1,20.8,1,1,3,0,8,0.375,0.409,0.437,3.3,1.7,7.5,1,11.7,0.67,0,1,5.9,77.9,104.2
Zhaire Smith,Phi,G,20.77,7,4.6,9.6,19.7,13.6,4,0.5,8,0.375,3,0,0.273,0.313,1.1,0.3,3.4,0.3,8.2,0.43,0,0.29,4,64.6,96.8
Zion Williamson,Nor,F,19.68,19,29.7,61.9,29.7,12.4,152,0.645,279,0.595,13,0.462,0.599,0.624,23.6,6.8,12,2.2,12.6,0.84,0.47,2.68,9.5,115.2,110.1
Zylan Cheatham,Nor,F,24.32,3,10.2,21.3,10.6,37.5,0,0,4,0.5,1,0,0.4,0.4,1.3,2,10.3,0.7,8,0,0.33,1,4.8,66.7,99.6
