Player,Year,Draft pick,Height (No Shoes),Height (With Shoes),Wingspan,Standing reach,Vertical (Max),Vertical (Max Reach),Vertical (No Step),Vertical (No Step Reach),Weight,Body Fat,Hand (Length),Hand (Width),Bench,Agility,Sprint
Blake Griffin,2009,1,80.5,82,83.25,105,35.5,140.5,32,137,248,8.2,,,22,10.95,3.28
Terrence Williams,2009,11,77,78.25,81,103.5,37,140.5,30.5,134,213,5.1,,,9,11.15,3.18
Gerald Henderson,2009,12,76,77,82.25,102.5,35,137.5,31.5,134,215,4.4,,,8,11.17,3.14
Tyler Hansbrough,2009,13,80.25,81.5,83.5,106,34,140,27.5,133.5,234,8.5,,,18,11.12,3.27
Earl Clark,2009,14,80.5,82.25,86.5,109.5,33,142.5,28.5,138,228,5.2,,,5,11.17,3.35
Austin Daye,2009,15,81.75,82.75,86.75,110,28,138,25,135,192,5.5,,,,12.11,3.55
James Johnson,2009,16,79,79.75,84.75,105.5,35,140.5,30.5,136,257,12,,,18,11.21,3.23
Jrue Holiday,2009,17,75.25,76.25,79,100.5,34,134.5,28.5,129,199,6.3,,,6,10.64,3.21
Ty Lawson,2009,18,71.25,72.5,72.75,94.5,36.5,131,29,123.5,197,6.6,,,14,10.98,3.12
Jeff Teague,2009,19,72.25,73.5,79.5,98.5,36.5,135,30.5,129,175,4.5,,,13,11.05,3.18
Hasheem Thabeet,2009,2,85.25,86.5,90.25,113,,,,,267,6.7,,,,,
Eric Maynor,2009,20,74.25,75.25,74.5,97,31.5,128.5,28.5,125.5,164,5.4,,,8,10.78,3.19
Darren Collison,2009,21,72.25,73.5,75,96.5,33.5,130,30.5,127,166,5.7,,,9,10.45,3.1
Omri Casspi,2009,23,79.75,81.25,81.25,106.5,32.5,139,25.5,132,211,8.6,,,2,11.15,3.28
Byron Mullens,2009,24,83.75,85.25,85.5,111,32.5,143.5,28.5,139.5,258,8.5,,,10,11.1,3.45
Damion James,2009,24,78.25,79.5,84.75,106,37,143,30,136,224,8.2,9.25,8.5,14,11.23,3.09
Rodrigue Beaubois,2009,25,73.25,74.25,81.75,100,39,139,29.5,129.5,182,7.9,,,3,10.49,3.15
Taj Gibson,2009,26,80.5,81.75,88,109,30,139,25.5,134.5,214,6.6,,,12,11.56,3.41
DeMarre Carroll,2009,27,78.25,79.75,82,105,,,,,207,6.3,,,,,
Greivis Vasquez,2009,28,76.75,78,79.25,101,28,129,24.5,125.5,197,6.9,7.75,9.25,1,11.13,3.48
Wayne Ellington,2009,28,76.25,77.25,78.5,100,38,138,31.5,131.5,202,5.5,,,13,11.14,3.2
Toney Douglas,2009,29,73,74,78,97.5,32.5,130,28,125.5,183,5.2,,,15,10.63,3.03
James Harden,2009,3,76,77.25,82.75,103.5,37,140.5,31.5,135,222,10.1,,,17,11.1,3.13
Jeff Pendergraph,2009,31,80.75,82,85,107,35,142,31,138,240,5.5,,,15,11.98,3.14
Jermaine Taylor,2009,32,75.5,76.75,80.75,101,37.5,138.5,34,135,207,5.8,,,16,11.54,3.32
Dante Cunningham,2009,33,79,80.25,83,106.5,35,141.5,28,134.5,227,4.8,,,18,11.18,3.26
DaJuan Summers,2009,35,79.25,80.5,84.75,106.5,34.5,141,29.5,136,243,6.6,,,15,10.94,3.17
Sam Young,2009,36,77.25,78.75,82.75,105.5,33,138.5,27.5,133,223,4.9,,,,11.47,3.45
DeJuan Blair,2009,37,77.25,78.5,86,106.5,33,139.5,26,132.5,277,12,,,18,11.5,3.45
Tyreke Evans,2009,4,76,77.25,83.25,104,34,138,28.5,132.5,221,7.1,,,7,11.81,3.17
Derrick Brown,2009,40,79.5,80.5,86.5,107.5,35.5,143,30.5,138,225,8.6,,,20,11.26,3.13
Jodie Meeks,2009,41,75,76,76.5,98,37,135,28.5,126.5,211,8,,,14,10.96,3.1
Marcus Thornton,2009,43,74.75,75.75,77,99,33,132,31,130,194,4.8,,,14,10.73,3.28
Chase Budinger,2009,44,78.25,79,79,101,38.5,139.5,29.5,130.5,206,10,,,10,11.08,3.24
Danny Green,2009,46,77.25,78.5,82,103,33,136,29,132,208,5.6,,,15,11.3,3.3
Gani Lawal,2009,46,79.75,81,84,106,34.5,140.5,30,136,229,7.2,8.5,10,17,11.93,3.34
Jack McClinton,2009,51,71.75,72.75,74.5,96,36.5,132.5,30,126,185,6.2,,,13,10.44,3.21
A.J. Price,2009,52,72.5,74,75.75,97,31,128,26,123,193,12.4,,,11,10.99,3.22
Luke Harangody,2009,52,78.25,80,81.75,106,31,137,27,133,240,11.2,8.75,9.75,23,11.15,3.33
Patrick Mills,2009,55,71.25,72.5,74,95,33,128,27.5,122.5,175,6.9,,,8,10.87,3.1
Jonny Flynn,2009,6,71.25,72.75,76,95.5,40,135.5,33,128.5,196,6.3,,,10,10.86,3.23
Stephen Curry,2009,7,74,75.25,75.5,97,35.5,132.5,29.5,126.5,181,5.7,,,10,11.07,3.28
Jordan Hill,2009,8,81.25,82.25,85.5,108,35,143,31,139,232,6,,,11,12.23,3.3
Demar DeRozan,2009,9,77.5,78.5,81,102.5,38.5,141,29,131.5,211,4.9,,,5,11.88,3.31
Dionte Christmas,2009,,76.25,77.5,81,102.5,33.5,136,27,129.5,211,7.1,,,3,10.83,3.21
Jeff Adrien,2009,,77.25,78.5,86,107.5,31.5,139,27.5,135,236,7.9,,,16,11.34,3.32
Jerel McNeal,2009,,73.5,75,79.25,99.5,36.5,136,31.5,131,190,5.4,,,10,10.61,3.25
Joe Ingles,2009,,79.75,80.25,82.25,105,31,136,26,131,209,10.1,,,3,10.66,3.3
Josh Heytvelt,2009,,82,83,85.25,108,34,142,28.5,136.5,246,10.8,,,15,11.67,3.38
Tyler Smith,2009,,77.25,78,81.75,104.5,33.5,138,29,133.5,212,7,,,10,10.69,3.24
John Wall,2010,1,74.75,76,81.25,101.5,39,140.5,30,131.5,196,5.6,8.25,9.5,,10.84,3.14
Paul George,2010,10,79.75,80.75,83.25,107,,,,,214,5,8.5,9,4,,
Cole Aldrich,2010,11,81,83.25,88.75,111.5,28,139.5,23,134.5,236,8.5,9,9.25,10,11.48,3.35
Xavier Henry,2010,12,77.25,78.5,83.25,105,36.5,141.5,28.5,133.5,210,4.7,8.75,10,8,11.1,3.18
Ed Davis,2010,13,81,81.75,84,108,36,144,31,139,227,10,9.25,10,,11.7,3.21
Patrick Patterson,2010,14,80,81.25,85.25,107,33.5,140.5,28.5,135.5,240,5.3,9.25,10.25,17,11.14,3.25
Larry Sanders,2010,15,81.25,82.5,89.75,112,28,140,25.5,137.5,222,4.6,9.75,11,7,12.49,3.27
Luke Babbitt,2010,16,79.5,80.75,83.25,104.5,37.5,142,29.5,134,218,5.6,8.5,10,15,10.98,3.4
Eric Bledsoe,2010,18,72.25,73.5,79.5,98,,,,,192,5.6,8.5,9.75,9,,
Avery Bradley,2010,19,74,75.25,79.25,98.5,37.5,136,31.5,130,180,4,8.25,9.5,2,11.47,3.14
Evan Turner,2010,2,77.75,79,80,103.5,34.5,138,27.5,131,214,8.6,8.75,9.5,9,11.06,3.27
James Anderson,2010,20,76.75,77.75,80.5,104,35.5,139.5,30,134,208,7.9,9,7,14,11.86,3.19
Craig Brackins,2010,21,80.5,81.75,84,109,35,144,26,135,229,7.9,9.5,11.25,6,11.65,3.39
Trevor Booker,2010,23,78.25,79.5,81.75,106,36,142,31,137,236,7.3,9,9.5,22,11.15,3.1
Dominique Jones,2010,25,75.25,77,81.25,101,32.5,133.5,26,127,216,5.9,9,10.25,19,10.88,3.31
Jordan Crawford,2010,27,75,76.5,79,101,34.5,135.5,31.5,132.5,198,4.9,8,9,7,11.03,3.37
Daniel Orton,2010,29,80.75,81.5,88.25,110.5,30.5,141,24,134.5,269,13.8,8.5,9.75,13,12.32,3.39
Derrick Favors,2010,3,80.75,82.25,88,110,35.5,145.5,31.5,141.5,245,6.5,8.75,9.25,14,11.74,3.25
Lazar Hayward,2010,30,76.5,77.75,84.75,102,36,138,31,133,226,7.5,9.25,9.5,15,10.87,3.31
Dexter Pittman,2010,32,81.5,83.5,90,111,,,,,303,20.8,10.25,10.5,,,
Hassan Whiteside,2010,33,82.5,83.5,91,113,31.5,144.5,27,140,227,5.5,8.25,10.25,12,11.83,3.54
Armon Johnson,2010,34,74,75.25,80,99.5,38.5,138,31.5,131,195,5.6,8.25,9.25,18,11.25,3.19
Terrico White,2010,36,75.75,77,81,101,40,141,31,132,203,3.7,9,10.5,10,11.38,3.15
Darington Hobson,2010,37,77.25,78.5,81.25,104.5,34,138.5,29,133.5,204,6.2,8.25,9,,11.68,3.25
Andy Rautins,2010,38,76.25,77,79,100,30.5,130.5,23.5,123.5,192,6.2,8,9.75,8,11.27,3.49
Wesley Johnson,2010,4,78.25,79.25,85,106,37,143,32,138,206,4.6,9,9.5,16,11.43,3.14
Lance Stephenson,2010,40,76.5,77.75,82.5,103,33,136,27,130,227,9.3,9,10.25,10,11.39,3.38
Jarvis Varnado,2010,41,80.25,82,87.5,109.5,32.5,142,29.5,139,210,9.5,9.25,9.5,3,11.61,3.37
Devin Ebanks,2010,43,79,80.25,84.25,107.5,32,139.5,23.5,131,208,7.9,8.25,9,6,11.69,3.44
Jerome Jordan,2010,44,83.5,84.75,89.25,113,,,,,244,6.9,9,10.25,,,
Tiny Gallon,2010,47,80.5,81.5,88.5,109.5,28.5,138,23.5,133,302,15.1,9.25,10.5,14,13.44,3.7
Ryan Richards,2010,49,82.5,83.75,85.5,110,28.5,138.5,25,135,230,8,9,9.75,4,11.33,3.37
DeMarcus Cousins,2010,5,81.5,82.75,89.75,113,27.5,140.5,23.5,136.5,292,16.4,9.25,10,,11.4,3.55
Solomon Alabi,2010,50,83.5,84.75,89,113,26,139,22.5,135.5,237,5,9.25,9.25,10,13.2,3.68
Willie Warren,2010,54,74.5,75.75,78,99.5,31.5,131,23,122.5,208,7.6,8.5,9.5,10,11.21,3.5
Derrick Caracter,2010,58,80.25,81.5,84.25,107.25,30.5,137.75,25,132.25,280,12.8,9,10.25,22,12.78,3.61
Stanley Robinson,2010,59,78.5,79.75,84,107.5,37.5,145,,,213,8.3,9,9,6,11.65,3.23
Ekpe Udoh,2010,6,80.75,81.75,88.5,106.5,33.5,140,31,137.5,237,8,9.5,8.75,10,11.15,3.29
Greg Monroe,2010,7,81.75,83,86.25,108.5,29,137.5,25,133.5,247,11.2,8.75,9.5,15,12.1,3.35
Al-Farouq Aminu,2010,8,79.25,80.5,87.25,108.5,33.5,142,27,135.5,216,8.2,9.5,9.5,13,11.29,3.3
Gordon Hayward,2010,9,78.75,80,79.75,103,34.5,137.5,30.5,133.5,211,6.9,8.5,9.25,10,11.73,3.22
Artsiom Parakhouski,2010,,82.25,83.75,85,109.5,26.5,136,25.5,135,268,6,9,10.5,16,12.07,3.33
Charles Garcia,2010,,80.25,81.25,85.75,107.5,30.5,138,24.5,132,232,7,8.75,9,2,11.65,3.23
Jon Scheyer,2010,,76.75,78,75.25,99,,,,,180,5.4,7.75,9.5,,,
Manny Harris,2010,,76,77.5,79.25,102,,,,,185,3.8,8.5,9,11,,
Mikhail Torrance,2010,,76,,78.75,101.75,32,133.75,23,124.75,207,,8.75,9.5,8,11.43,3.17
Sherron Collins,2010,,70.25,71.75,74.5,94,33,127,27.5,121.5,217,9.2,8.5,9.5,,12.31,3.24
Sylven Landesberg,2010,,76.75,78.25,81,100.5,32,132.5,28,128.5,210,11.6,8.75,10.75,8,11.59,3.36
Jimmer Fredette,2011,10,72.75,74.5,76.5,96.5,33,129.5,28,124.5,196,7.7,8,8.5,14,10.42,3.21
Klay Thompson,2011,11,77.75,79.25,81,103.5,31.5,135,26.5,130,206,8,8.75,9.25,5,10.99,3.24
Alec Burks,2011,12,77,78,82,103.5,36,139.5,29,132.5,193,5.1,9,8.25,5,10.96,3.17
Markieff Morris,2011,13,79.75,81.25,82.75,106.5,31.5,138,27,133.5,241,10.2,8.5,8.25,11,,3.4
Marcus Morris,2011,14,79,80.75,82,105.5,33,138.5,29,134.5,230,8,8.25,8.5,11,,3.15
Kawhi Leonard,2011,15,78,79,87,106,32,138,25.5,131.5,227,5.4,9.75,11.25,3,11.45,3.15
Nikola Vucevic,2011,16,82.25,83.75,88.5,112.5,25,137.5,23.5,136,260,6.1,9.25,10.25,8,12.02,3.27
Iman Shumpert,2011,17,76.25,77.5,81.5,99.5,42,141.5,36.5,136,222,6.5,9,9,18,11.1,3.18
Chris Singleton,2011,18,79.75,81,85,103.5,37.5,141,30.5,134,230,7.4,9.25,10,15,11.33,3.09
Tobias Harris,2011,19,78.5,79.75,83,103.5,37.5,141,31.5,135,223,8.4,8.75,9,12,10.96,3.17
Derrick Williams,2011,2,79.25,80.75,85.5,108,34.5,142.5,29,137,248,10.8,9,9.75,19,11.03,3.23
Nolan Smith,2011,21,73.5,75.5,77.5,99,34,133,28.5,127.5,188,5.6,8.5,9.25,9,11.05,3.17
Kenneth Faried,2011,22,78,79.5,84,108,35,143,30.5,138.5,225,6.3,8.5,10.25,16,11.35,3.26
Marshon Brooks,2011,25,76.25,77.25,85,101,38.5,139.5,34,135,195,5.2,9,10.5,5,10.74,3.09
Jordan Hamilton,2011,26,78.75,80.5,81.5,104,32,136,25,129,228,9.8,9,9.25,7,11.47,3.3
JaJuan Johnson (Purdue),2011,27,81,82,86,107.5,38,145.5,33.5,141,220,7.5,9,10,15,11.21,3.14
Norris Cole,2011,28,72.25,73.75,74.25,95.5,38.5,134,29.5,125,174,4.7,8.5,9.5,11,10.07,3.22
Cory Joseph,2011,29,74,75.25,77.5,99,35,134,27.5,126.5,186,9.7,8.5,10.5,5,10.75,3.27
Enes Kanter,2011,3,81.75,83.25,85.5,109.5,32.5,142,26,135.5,259,5.9,9.5,10.75,14,11.3,3.26
Jimmy Butler,2011,30,78,79.75,79.5,101.5,39,140.5,32,133.5,222,5.4,9,9,14,11.92,3.15
Justin Harper,2011,32,80,80.75,83.75,106,33,139,28.5,134.5,228,4,9,9.25,19,11.92,3.3
Kyle Singler,2011,33,79.5,80.5,82.1,106,30,136,23,129,228,10,8.25,8.75,10,11.22,3.21
Shelvin Mack,2011,34,73,74.5,79.5,96.5,39,135.5,32,128.5,209,7.1,8.25,9.25,17,11.23,3.18
Tyler Honeycutt,2011,35,78.75,80.25,81,105,37,142,30,135,187,5.3,8.5,9.5,,11.68,3.07
Jordan Williams,2011,36,79.75,81,84.25,106.5,30.5,137,25,131.5,247,12.1,9.25,10,10,12.74,3.45
Trey Thompkins,2011,37,80.5,81.75,85,107.5,30.5,138,27.5,135,239,15.5,9.25,9.75,15,11.72,3.41
Chandler Parsons,2011,38,80.75,81.75,81.5,104.5,31.5,136,25.5,130,221,7,8.25,10,4,11.05,3.29
Jeremy Tyler,2011,39,81,82.5,89,110.5,33.5,144,28,138.5,262,13.4,9.25,9,10,11.26,3.29
Tristan Thompson,2011,4,79.5,80.75,85.25,108.5,35,143.5,30,138.5,227,6.2,8.75,9.25,9,10.92,3.26
Jon Leuer,2011,40,82,83.5,84,105.5,36.5,142,29.5,135,223,5.4,8.75,9.75,17,10.82,3.36
Darius Morris,2011,41,75.25,77.25,79.5,102,32,134,24.5,126.5,190,5.3,8.75,10,12,11,3.2
Malcolm Lee,2011,43,76,77.5,81.75,101.5,35.5,137,30,131.5,198,5.9,8.5,9.5,17,11.2,3.09
Charles Jenkins,2011,44,73.5,75.25,79.5,96.5,34,130.5,29.5,126,216,4.3,8.5,9,16,11.68,3.18
Andrew Goudelock,2011,46,73.25,74.75,76.25,96.5,37,133.5,32.5,129,198,9.9,8.25,9.25,4,10.33,3.1
Travis Leslie,2011,47,75,76.25,82.5,103,40.5,143.5,33,136,205,8.1,8.75,9.25,10,11,3.13
Keith Benson,2011,48,82,83,87.75,109.5,36,145.5,31.5,141,217,6.1,9.5,11,12,11.88,3.35
Josh Selby,2011,49,73.75,75,77.25,98,42,140,29.5,127.5,195,7.9,8.5,9,5,11.13,3.2
Jon Diebler,2011,51,77.25,78.5,78,99,35,134,28,127,197,8.5,8.25,8.25,2,10.94,3.37
DeAndre Liggins,2011,53,77,78.25,83,103.5,31,134.5,27,130.5,202,5,8.75,10,6,,3.33
E'Twaun Moore,2011,55,74.5,76,81.5,99.5,34.5,134,32,131.5,191,7.6,9,10,,11.12,3.31
Isaiah Thomas,2011,60,68.75,70.25,73.75,91.5,40,131.5,31.5,123,186,6.7,8.25,9,13,10.49,3.14
Brandon Knight,2011,8,73.5,75.25,78.75,98.5,37.5,136,29,127.5,177,4.2,8.25,9.5,10,10.74,3.07
Kemba Walker,2011,9,71.5,73,75.5,91.5,39.5,131,32,123.5,184,5.9,8,9,7,10.87,3.16
David Lighty,2011,,76.75,78.5,80,101,33,134,28.5,129.5,216,6.5,9,10,15,10.81,3.25
Demetri McCamey,2011,,73.75,75.25,78.25,99.5,33,132.5,27,126.5,204,6.1,8.5,9,,11.55,3.19
Greg Smith,2011,,80,81.25,86.5,106.5,36,142.5,29.5,136,253,7.4,9.75,12,17,12.43,3.36
Jamie Skeen,2011,,78.5,80,85.25,106.5,30.5,137,26,132.5,242,9.8,8.5,8.5,10,12.43,3.46
Jereme Richmond,2011,,78,79.25,82.25,106.5,33.5,140,27,133.5,207,5.5,8.75,9.5,,11.74,3.02
LaceDarius Dunn,2011,,75,76,78.25,101,31,132,26.5,127.5,188,5.5,9,10.25,3,11.45,3.27
Malcolm Thomas,2011,,79.5,80.75,84.5,107.5,36.5,144,32,139.5,223,5.9,9.5,10.5,5,11.31,3.29
Michael Dunigan,2011,,80.5,82,87.25,107.5,34.5,142,29.5,137,238,8,9,10.75,10,11.85,3.27
Rick Jackson,2011,,80.25,81.25,86,106.5,33,139.5,28.5,135,242,8.3,8.75,9.5,9,11.51,3.26
Scotty Hopson,2011,,77.75,78.5,82.5,103.5,36,139.5,32.5,136,205,4.8,8.5,10,10,10.47,3.18
Anthony Davis,2012,1,81.25,82.5,89.5,108,,,,,222,7.9,9,8.5,,,
Austin Rivers,2012,10,75.5,77,79.25,96.5,37.5,134,32.5,129,203,6.2,8.5,10,1,11.54,3.32
Meyers Leonard,2012,11,83.75,85.25,87,108,32.5,140.5,30,138,250,5.7,9.25,11,19,11.34,3.41
Jeremy Lamb,2012,12,76,77.25,83,102,38,140,31.5,133.5,179,4.5,8.75,9.25,5,10.98,3.25
Kendall Marshall,2012,13,75.25,76.25,77.5,96,37,133,31,127,198,7.8,8.5,9,,12.03,3.23
John Henson,2012,14,81,82.5,89,112,30,142,25.5,137.5,216,8.6,9.25,10,5,,
Moe Harkless,2012,15,79.25,80.75,84,102.5,37,139.5,32.5,135,207,5.3,9.25,10.25,5,10.87,3.25
Royce White,2012,16,79,80,84,104.5,,,,,261,10.6,9.5,11.5,,,
Tyler Zeller,2012,17,83.25,84.5,84,104.5,34,138.5,30,134.5,247,6.4,9,9.75,16,11.13,3.4
Terrence Jones,2012,18,80.25,81.5,86.25,107,34.5,141.5,29.5,136.5,252,7.7,9,10,12,11.57,3.4
Andrew Nicholson,2012,19,80.5,81.5,88,107,30.5,137.5,28.5,135.5,234,7.6,10,10.75,10,11.89,3.67
Michael Kidd-Gilchrist,2012,2,77.75,79.5,84,104.5,35.5,140,32,136.5,233,7,9,10.25,6,11.77,3.18
Jared Sullinger,2012,21,79.75,81,85.25,105.5,31,136.5,29.5,135,268,10.7,9.25,9.75,9,12.77,3.81
Fab Melo,2012,22,82.75,84,86.5,110,31,141,29.5,139.5,255,9.2,9,10,9,12.14,3.44
John Jenkins,2012,23,75.25,76.25,80.5,98,36.5,134.5,30.5,128.5,212,7.1,9,9,10,11.36,3.37
Jared Cunningham,2012,24,75.5,77,78.5,98,,,,,188,3.6,8.25,9,4,,
Tony Wroten,2012,25,76.75,78,81,101,35.5,136.5,30,131,203,5.2,8,9,,10.75,3.24
Miles Plumlee,2012,26,82.5,83.75,84.75,105.5,40.5,146,34,139.5,252,11.4,9.25,9,15,10.64,3.36
Arnett Moultrie,2012,27,81.5,82.75,86.25,106.5,37.5,144,33.5,140,233,7.7,9.25,9.25,10,11.32,3.22
Perry Jones,2012,28,82.25,83.25,85.75,107,38.5,145.5,33,140,234,4.6,9.25,9.5,11,11.31,3.19
Marquis Teague,2012,29,73,74,79.25,96.5,40.5,137,32.5,129,180,6.3,8.25,7.75,8,10.65,3.19
Bradley Beal,2012,3,75.25,76.75,80,100,39,139,33,133,202,6,8.5,9,8,10.95,3.28
Festus Ezeli,2012,30,81.75,83.5,89.75,108,33.5,141.5,34,142,264,5.5,9,10.75,18,12.35,3.29
Jeff Taylor,2012,31,78,79.25,78.25,101.5,40,141.5,33.5,135,213,4.2,8.25,9.75,15,10.87,3.29
Tomas Satoransky,2012,32,78.5,79.5,79.25,100,,,,,201,5.2,8.5,9.5,,,
Bernard James,2012,33,80.75,82,87,108.5,32.5,141,30,138.5,230,5,9,9.25,6,11.84,3.4
Jae Crowder,2012,34,76.75,78.5,81.25,99.5,34.5,134,31,130.5,241,9,9.5,10.5,20,11.45,3.37
Draymond Green,2012,35,77.75,79.5,85.25,105,33,138,28,133,236,11.3,9,9.5,9,11.01,3.4
Orlando Johnson,2012,36,75.75,77.25,83.25,99,39.5,138.5,32,131,224,7,9,9.5,13,10.98,3.25
Quincy Acy,2012,37,78.5,79.75,86.75,106.5,37,143.5,32,138.5,224,7.1,9.5,11,13,10.48,3.28
Quincy Miller,2012,38,80.75,82,85.25,105,36,141,30.5,135.5,219,7.8,9.25,10.25,8,11.05,3.48
Khris Middleton,2012,39,78.75,80.25,82.75,103,31,134,28,131,216,7.8,9,9,4,11.45,3.47
Dion Waiters,2012,4,74.5,76,79.25,98,,,,,221,8.5,8.5,9.5,,,
Will Barton,2012,40,77,78,81.75,102.5,34,136.5,30,132.5,174,4.1,9,9.5,,12.5,3.6
Tyshawn Taylor,2012,41,74.75,76,78.25,97.5,36.5,134,32,129.5,177,4.2,8.75,8.75,,11.48,3.2
Doron Lamb,2012,42,75.25,76.75,78.75,98.5,33.5,132,29,127.5,199,6.7,8.5,8.75,2,11.12,3.41
Mike Scott,2012,43,79.25,80.75,82.75,104,32.5,136.5,27,131,241,10.6,8.5,9,14,11.59,3.44
Kim English,2012,44,76.5,77.75,78.5,98,36.5,134.5,29,127,192,4.3,8.5,8.75,,10.59,3.33
Darius Miller,2012,46,78,79.5,81,101,37,138,33,134,233,7.5,8.5,8.75,14,11.34,3.31
Kevin Murphy,2012,47,77,78.25,78.75,99,36.5,135.5,31,130,194,5.8,8.5,8.5,11,10.97,3.42
Kyle O'Quinn,2012,49,80.5,82,88.75,106.5,31.5,138,31.5,138,241,8,9.5,10,,11.65,3.53
Thomas Robinson,2012,5,79.75,80.75,87.25,106,35.5,141.5,28.5,134.5,244,5,9.75,10.5,15,11.96,3.17
Kris Joseph,2012,51,78,79,83,104,35,139,28.5,132.5,215,8.6,9,9,6,,3.46
Darius Johnson-Odom,2012,55,73.5,75,79,96,41.5,137.5,33.5,129.5,212,7,8.75,8.75,17,10.76,3.21
Robbie Hummel,2012,58,79.25,80.5,80.5,102,30,132,27.5,129.5,218,9.4,8.5,9.5,13,11.56,3.41
Marcus Denmon,2012,59,74.25,75.25,77,94.5,40,134.5,33.5,128,188,6.6,8.25,9.75,8,10.82,3.19
Damian Lillard,2012,6,73.75,74.75,79.75,95.5,39.5,135,34.5,130,189,5.9,8.75,9.75,13,11.15,3.34
Harrison Barnes,2012,7,79,80,83.25,101.5,39.5,141,38,139.5,228,9.6,9,8.5,15,10.93,3.16
Terrence Ross,2012,8,78,79,79.25,100.5,37.5,138,31,131.5,197,3.2,8.75,10.25,2,11.78,3.28
Andre Drummond,2012,9,81.75,83.75,90.25,109.5,33.5,143,31.5,141,279,7.5,9.5,9.5,10,10.83,3.39
Drew Gordon,2012,,80,80.75,83.5,103.5,34,137.5,29,132.5,239,9.1,8.5,9.75,10,11.35,3.49
Henry Sims,2012,,82,83.75,88,108,29.5,137.5,26.5,134.5,241,7.7,9.25,10,7,12.33,3.44
Hollis Thompson,2012,,78.75,80,81.5,102.5,36.5,139,28.5,131,206,6,8.25,9.75,6,11.72,3.38
J'Covan Brown,2012,,73,74.25,77.25,96,29.5,125.5,26,122,202,12.5,7.75,8.25,3,11.68,3.47
JaMychal Green,2012,,80,81,86.25,106.5,32.5,139,29.5,136,217,9.8,9.25,9.25,19,10.63,3.38
Jordan Taylor,2012,,73,74,75,92.5,36.5,129,33,125.5,193,5.5,8.25,9.5,14,10.57,3.19
Kevin Jones,2012,,78.25,79.5,85.5,105,32.5,137.5,27.5,132.5,251,11.2,9,7.75,17,11.94,3.6
Scott Machado,2012,,73,74,76,94.5,32.5,127,27,121.5,206,5.8,8.5,9.5,17,11.26,3.3
Tony Mitchell (Alabama),2012,,77.25,78.25,82,100,40,140,31.5,131.5,216,5.7,8.5,10,14,11.72,3.47
Tu Holloway,2012,,70.5,71.75,77.5,94.5,35,129.5,28,122.5,187,8.5,8.75,10,12,11,3.42
William Buford,2012,,76,77,81.5,102,32.5,134.5,27.5,129.5,215,11.3,8.75,10,8,11.4,3.43
C.J. McCollum,2013,10,74.25,75.25,78.25,96.5,38.5,135,32,128.5,197,8.6,8,9.5,13,11.02,3.32
Michael Carter-Williams,2013,11,76.75,77.75,79.25,101,41,142,31.5,132.5,184,4.4,7.5,8.5,8,10.68,3.22
Steven Adams,2013,12,82.75,84,88.5,109.5,33,142.5,28.5,138,255,6.7,9.5,11,16,11.85,3.4
Kelly Olynyk,2013,13,82.75,84,81.75,108,29.5,137.5,24.5,132.5,234,6.7,8.5,10,5,11.42,3.59
Shabazz Muhammad,2013,14,76.75,78.25,83,104.5,37,141.5,29.5,134,222,9,9,10,10,10.99,3.32
Dennis Schroeder,2013,17,73,74,79.75,98,34,132,30,128,165,4.1,8.75,10.5,1,11.09,3.21
Shane Larkin,2013,18,70.25,71.5,70.75,89.5,44,133.5,34.5,124,171,3.8,7.5,8.75,12,10.64,3.08
Victor Oladipo,2013,2,75.25,76.25,81.25,100.5,42,142.5,33,133.5,213,6.6,8.75,9.25,15,10.69,3.25
Tony Snell,2013,20,78,79.25,83.5,105.5,36.5,142,30,135.5,198,4.9,9,9.5,7,10.36,3.25
Gorgui Dieng,2013,21,81.75,82.75,87.5,111.5,,,,,230,5.4,9,10,,,
Mason Plumlee,2013,22,83.25,84.5,83,108,36,144,30.5,138.5,238,6.2,9.75,9.5,14,10.89,3.29
Solomon Hill,2013,23,77.5,79,81,103,37.5,140.5,29.5,132.5,226,7.6,9,10.5,14,10.77,3.19
Tim Hardaway Jr,2013,24,76.5,78.25,79,101,37.5,138.5,31.5,132.5,199,6.1,8,9.25,16,10.68,3.25
Reggie Bullock,2013,25,77.75,79,80.75,102,36.5,138.5,31,133,200,7,8.5,9,11,11.33,3.31
Andre Roberson,2013,26,78.25,79,83,104.5,36.5,141,30,134.5,206,7.1,8.75,9.5,10,11.36,3.34
Rudy Gobert,2013,27,84.5,86,92.5,115,29,144,25,140,238,4.4,9.75,10,7,12.85,3.57
Archie Goodwin,2013,29,75.75,77.25,81.5,102,36,138,30,132,189,4.6,8.5,9,1,10.75,3.27
Otto Porter,2013,3,79.5,80.5,85.5,105.5,36,141.5,27,132.5,198,6.7,8.75,9.25,9,11.25,3.4
Allen Crabbe,2013,31,77.25,78.25,83.25,103.5,36,139.5,30.5,134,197,4.7,8.25,8.5,10,10.67,3.32
Carrick Felix,2013,33,76.75,78.25,81.25,103.5,38.5,142,32,135.5,203,3.3,8.5,9.5,15,11.16,3.25
Isaiah Canaan,2013,34,71,72,76.5,94.5,40.5,135,33,127.5,188,5.9,8.25,9.5,16,10.98,3.22
Glen Rice,2013,35,76.5,77.75,81.25,101.5,40.5,142,33,134.5,211,8.5,8.5,9,10,10.99,3.25
Ray McCallum,2013,36,72.25,73.75,75.25,96.5,40,136.5,30.5,127,191,7.3,8,8.75,5,10.82,3.25
Tony Mitchell,2013,37,79.5,80.75,86.5,106.5,38,144.5,33.5,140,236,5.6,9,10,13,11.82,3.52
Nate Wolters,2013,38,75.5,76.75,75.75,98,,,,,196,5.5,8.25,8.75,8,,
Jeff Withey,2013,39,82.75,84.5,86,110.5,29,139.5,26.5,137,222,8.7,9,9.75,10,12.49,3.47
Cody Zeller,2013,4,82.75,84.25,82.75,106,37.5,143.5,35.5,141.5,230,4.8,8.5,10.5,17,10.82,3.15
Grant Jerrett,2013,40,80.75,82.25,86,109,34,143,28.5,137.5,232,10.1,8.5,9.25,2,11.85,3.51
Jamaal Franklin,2013,41,76,77.25,83.25,103.5,,,,,191,8.3,8.5,8.25,,,
Pierre Jackson,2013,42,69.5,70.5,70,90,,,,,176,4.5,7.5,8.25,,,
Ricky Ledo,2013,43,76.75,78,79.25,102.5,33.5,136,27,129.5,197,10.3,8.5,9.25,4,10.72,3.32
Mike Muscala,2013,44,82.25,83.5,85,108,33.5,141.5,28,136,230,6.8,8.5,9,5,11.76,3.44
Erick Green,2013,46,73.5,75,77.75,98,,,,,178,4.4,8.5,9,5,,
Ryan Kelly,2013,48,81.75,83.75,83.5,110,,,,,228,14.8,9,10,,,
Erik Murphy,2013,49,80.75,81.5,82.5,108,29.5,137.5,24.5,132.5,240,8,8.75,9.75,13,12.19,3.57
James Ennis,2013,50,77.75,79,83.5,104.5,36.5,141,29.5,134,201,4.5,8.5,8.75,7,11.55,3.4
Lorenzo Brown,2013,52,76,77.25,79,100,34,134,28,128,189,4,8.25,8.5,8,11.78,3.4
Colton Iverson,2013,53,82.5,84,86,110,,,,,263,9.6,9.25,9.5,12,,
Peyton Siva,2013,56,71.5,73,75,93,41.5,134.5,33.5,126.5,181,6.1,8,9.75,15,10.59,3.16
Deshaun Thomas,2013,58,77,79,82,104,32,136,28.5,132.5,220,9.1,8,8.75,5,12.94,3.53
Nerlens Noel,2013,6,82,83.75,87.75,110,,,,,206,4.2,9.5,10,,,
Ben McLemore,2013,7,75.5,76.75,79.75,100.5,42,142.5,32.5,133,189,5,8.75,9.5,6,11.87,3.27
Kentavious Caldwell-Pope,2013,8,76.5,77.5,80,100.5,34.5,135,29,129.5,204,6.5,8.5,9,7,10.6,3.12
Trey Burke,2013,9,71.75,73.25,77.5,97.5,36.5,134,29.5,127,187,6.9,8.25,8.75,3,11.2,3.16
Adonis Thomas,2013,,76.75,77.75,85,99,40.5,139.5,34.5,133.5,232,7.5,9.25,9.5,13,11.66,3.32
B.J. Young,2013,,74.25,75.5,80.25,99,,,,,179,4.7,8.5,9.5,,,
Brandon Davies,2013,,80.5,82.25,85.5,108.5,31.5,140,26,134.5,242,8.6,9,11,7,11.22,3.5
Brandon Paul,2013,,74.75,76,82.25,98,39.5,137.5,33.5,131.5,201,5.3,8.5,9.5,15,11.16,3.37
C.J. Leslie,2013,,79.5,80.75,86.25,104.5,40.5,145,32.5,137,209,8,8.75,9,,10.19,3.1
DeWayne Dedmon,2013,,82,83.5,88,109,32.5,141.5,28,137,239,8.4,9,11,8,12.75,3.4
Jackie Carmichael,2013,,79.5,81,85.5,107,32,139,30,137,241,5.8,9,10.25,13,11.83,3.35
James Southerland,2013,,79,80,85,106,32,138,29,135,221,8.1,8,9.5,5,10.9,3.38
Kenny Kadji,2013,,80.75,82,87,106.5,38,144.5,34,140.5,242,7.5,9,10.25,9,11.47,3.44
Myck Kabongo,2013,,73.25,74.75,78.25,98,33.5,131.5,27.5,125.5,180,6,8.25,9,2,10.64,3.34
Norvel Pelle,2013,,81.5,82.5,86.5,109,34.5,143.5,31,140,207,5.2,8.75,9.5,,11.49,3.32
Phil Pressey,2013,,69.5,71.5,74.25,92,38.5,130.5,33,125,177,4.7,7.75,9.75,7,10.86,3.13
Richard Howell,2013,,78.25,79.5,82.25,105.5,,,,,250,8.8,8.75,9.5,,,
Robert Covington,2013,,78.25,79.5,85.75,106,36,142,29.5,135.5,209,4.7,9,8.5,9,11.69,3.34
Seth Curry,2013,,73,75,76,97.5,,,,,179,9.6,8,8.25,,,
Trevor Mbakwe,2013,,78.75,80,88,106.5,36.5,143,30,136.5,236,5.9,9.5,11.5,21,12.01,3.32
Vander Blue,2013,,75.5,77.25,78,100.5,37.5,138,28,128.5,197,4.6,8.5,9.5,4,10.4,3.14
Will Clyburn,2013,,77.75,79,84.25,105,34.5,139.5,28,133,210,6.9,9.25,10.25,3,11.68,3.38
Elfrid Payton,2014,10,74.5,75.75,80,98.5,35.5,134,31.5,130,185,5.7,8.75,9,,11.06,3.23
Doug McDermott,2014,11,78.25,79.75,81.25,103,36.5,139.5,28.5,131.5,218,7.1,8.75,9.75,,11.1,3.29
Zach LaVine,2014,13,76.5,77.75,80.25,100,41.5,141.5,33.5,133.5,181,4.7,8.25,8.75,,10.42,3.19
T.J. Warren,2014,14,79,80.25,82.25,104,35.5,139.5,27,131,220,8,8.75,9,,11.1,3.26
Adreian Payne,2014,15,81,81.75,88,109,,,,,239,7.6,9.25,9.5,,,
James Young,2014,17,77.25,78.75,84,104,35.5,139.5,28,132,213,5.1,9,9.5,,,
Tyler Ennis,2014,18,73,74.5,79.25,98,36,134,29,127,182,6.2,8.25,8.75,,11.12,3.3
Gary Harris,2014,19,74.5,76.5,78.75,96,,,,,205,4.6,8.5,9.5,,,
Jordan Adams,2014,22,75.5,76.75,82,102,29.5,131.5,24.5,126.5,209,10.8,8.5,7.5,,12.13,3.5
Rodney Hood,2014,23,79.25,80.5,80.5,103,36,139,29,132,208,7.5,8.5,8.5,,11.21,3.38
Shabazz Napier,2014,24,71,73,75.25,93,37.5,130.5,30.5,123.5,175,7.4,8.25,8.5,,11.6,3.2
P.J. Hairston,2014,26,76.25,77.25,81,101,37,138,32,133,229,8.2,8.75,9.75,,11.12,3.32
C.J. Wilcox,2014,28,75.5,77,81.75,100.5,37.5,138,31,131.5,201,6.5,8.75,9,,11.3,3.22
Kyle Anderson,2014,30,79.5,80.5,86.75,107.5,,,,,230,13.4,8.25,8.75,,,
K.J. McDaniels,2014,32,76.5,78,83.25,102,37,139,33,135,196,4.5,8.75,9.75,,12.71,3.1
Joe Harris,2014,33,76.75,78.25,78,100,33.5,133.5,28.5,128.5,215,6.2,8.5,9.75,,11.11,3.31
Cleanthony Early,2014,34,78,79.25,82.75,101.5,40,141.5,34,135.5,209,4.5,8.5,9,,11.15,3.18
Jarnell Stokes,2014,35,79,80.5,85.25,103.5,36,139.5,31,134.5,263,8.2,9.75,10.5,,11.92,3.26
Johnny O'Bryant,2014,36,79.25,80.5,86.25,105,35.5,140.5,31,136,257,10.8,9.25,9.5,,11.57,3.45
DeAndre Daniels,2014,37,79.25,80.5,86,106.5,32,138.5,26.5,133,196,3.9,9.25,10.5,,11.46,3.44
Spencer Dinwiddie,2014,38,76.5,78,80.25,103,,,,,205,5.4,8.25,9,,,
Jerami Grant,2014,39,78.5,79.75,86.75,107,,,,,214,3.8,9.25,9.25,,,
Aaron Gordon,2014,4,79.5,80.75,83.75,105,39,144,32.5,137.5,220,5.1,8.75,10.5,,10.81,3.27
Glenn Robinson,2014,40,77.5,78.75,82,100.5,41.5,142,36.5,137,211,5.1,9,9.5,,11.22,3.15
Nick Johnson,2014,42,73.5,75,79.25,96.5,41.5,138,33.5,130,198,6.1,8.75,9.75,,10.8,3.27
Markel Brown,2014,44,74.5,75.5,80.75,100,43.5,143.5,36.5,136.5,184,4.2,8.25,9.75,,12.62,3.18
Dwight Powell,2014,45,81.5,83,84.5,105,35,140,28.5,133.5,234,6.2,9,9.25,,11.28,3.2
Jordan Clarkson,2014,46,75.25,77,80,98,38.5,136.5,33,131,186,4.3,8.25,9,,10.76,3.28
Russ Smith,2014,47,71.5,72.75,75.5,95,34,129,29.5,124.5,160,3.5,8.25,8.5,,11.57,3.27
Lamar Patterson,2014,48,76,77.25,83,101,32.5,133.5,27.5,128.5,226,10.8,9,9.25,,11.63,3.45
Cameron Bairstow,2014,49,80.75,81.75,84.75,107,33.5,140.5,31,138,252,8.7,8.75,9,,11.39,3.37
Dante Exum,2014,5,76.5,78,81.5,103,34.5,137.5,31.5,134.5,196,6.4,8.5,9.5,,10.75,3.19
Alec Brown,2014,50,84.25,85.25,85.5,109,30,139,27,136,231,7.7,9.25,8.75,,12.05,3.48
Thanasis Antetokounmpo,2014,51,77.25,78.25,84,104.5,39.5,144,31.5,136,205,6.1,9,9.75,,11.39,3.18
Semaj Christon,2014,55,73.5,75.25,78.5,99,36.5,135.5,30.5,129.5,186,5.3,8.5,8.25,,11.55,3.32
Devyn Marble,2014,56,77,78.5,81,102,35,137,29,131,192,6.9,8.25,8.5,,11.32,3.28
Jordan McRae,2014,58,75.75,77.25,84.5,104,34.5,138.5,27.5,131.5,179,5.2,8.75,8.5,,11.07,3.39
Xavier Thames,2014,59,74.25,75.5,76,96,32.5,128.5,29,125,187,6.4,8.25,9,,11.48,3.48
Marcus Smart,2014,6,74,75.25,81.25,99,36,135,33,132,227,10.6,9,8.75,,10.82,3.26
Cory Jefferson,2014,60,79.75,81,84.5,105,37.5,142.5,33,138,218,5.3,8.75,9.75,,12.63,3.36
Julius Randle,2014,7,79.75,81,84,105.5,35.5,141,29,134.5,250,9.4,8.75,8.25,,11.45,3.27
Nik Stauskas,2014,8,77.25,78.5,79.75,102,35.5,137.5,29,131,207,12.1,8.5,8.5,,10.79,3.27
Noah Vonleh,2014,9,80,81.5,88.25,108,37,145,31,139,247,7.3,9.75,11.75,,11.45,3.28
Aaron Craft,2014,,72.75,73.75,74,94.5,32,126.5,29,123.5,192,6.1,7.75,8.5,,10.78,3.26
Alex Kirk,2014,,81.25,82.75,87.5,109.5,31.5,141,28.5,138,252,13.6,9.25,10.5,,11.2,3.48
C.J. Fair,2014,,78.5,80,81.5,104,35,139,27,131,218,5.1,9,9,,11,3.32
DeAndre Kane,2014,,74.75,76.5,80,99,35.5,134.5,31.5,130.5,200,5,8.25,9,,10.95,3.16
Deonte Burton,2014,,72,73.25,79,97.5,39.5,137,29,126.5,193,7.7,8.25,8,,11.28,3.28
Isaiah Austin,2014,,83.5,84.5,88.5,112.5,29.5,142,26.5,139,220,7.5,8.75,8.75,,11,3.55
Jabari Brown,2014,,75,76.25,80.25,100,32,132,28,128,202,6.1,9,9.25,,11.6,3.5
Jahii Carson,2014,,69.75,71,74,93,43.5,136.5,33.5,126.5,180,6.5,7.5,8.75,,11.26,3.24
James McAdoo,2014,,79.5,80.75,86.25,106.5,34,140.5,29.5,136,228,6.2,9.25,9,,11.61,3.28
Jordan Bachynski,2014,,85.25,86,88,108.5,33,141.5,29,137.5,254,7.5,9.25,10,,12.15,3.36
Kendall Williams,2014,,74.25,75.75,77.5,99,33,132,27,126,183,7.2,8,7.75,,10.83,
Khem Birch,2014,,79.5,81.25,85,107,35.5,142.5,30.5,137.5,209,6,9,8.5,,11.6,3.26
LaQuinton Ross,2014,,78.5,79.5,85.75,106,31,137,25,131,239,16.3,8.75,9.75,,11.97,3.44
Melvin Ejim,2014,,77.25,79,83.25,103.5,35,138.5,29.5,133,219,6.5,8.75,9.25,,11.55,3.14
Patric Young,2014,,80.5,82,85.75,103.5,37.5,141,32,135.5,247,5.5,9.25,9.5,,11.18,3.43
Sean Kilpatrick,2014,,74.5,76.25,79,99,,,,,219,9.2,9,9,,,
Justise Winslow,2015,10,76.5,78.5,82.25,104.5,,,,,222,5.3,8.5,9.25,,,
Myles Turner,2015,11,81.75,83.5,88,112,,,,,239,9.3,9.25,9.25,,,
Trey Lyles,2015,12,81,82.25,85.5,108,,,,,241,12.1,9.25,10.25,,,
Devin Booker,2015,13,76.5,77.75,80.25,102.5,34.5,137,27.5,130,206,8.3,8.75,9,8,10.22,3.28
Cameron Payne,2015,14,72.75,73.5,79.25,97.5,35.5,133,30,127.5,183,6.3,8.5,8.25,,10.89,3.28
Kelly Oubre,2015,15,77.75,78.75,86.25,102.5,37,139.5,34.5,137,203,5.7,9,8.75,7,11.1,3.32
Terry Rozier,2015,16,72.75,74.25,80.25,98.5,38,136.5,33,131.5,190,5.6,8.25,8.75,7,10.88,3.15
Rashad Vaughn,2015,17,75.75,77,79,101,34,135,28,129,199,6.2,8,8.5,5,11.41,3.21
Sam Dekker,2015,18,79.75,81,83.5,106,34.5,140.5,25.5,131.5,219,7.5,8.5,9.25,5,10.71,3.28
Jerian Grant,2015,19,75.25,76.25,79.5,100,,,,,198,5.6,8.25,8.5,,,
D'Angelo Russell,2015,2,75.25,77,81.75,102,,,,,193,8.3,8.75,9.75,,,
Delon Wright,2015,20,76.25,77.5,79.5,101.5,31,132.5,29.5,131,181,6.6,8,8.5,4,11.21,3.29
Justin Anderson,2015,21,77.25,78.25,83.75,101,43,144,38,139,231,5,8.5,9.5,12,11.1,3.22
Bobby Portis,2015,22,81.5,82.5,86,108.5,31.5,140,25,133.5,246,8.9,9.5,9.25,5,11.71,3.56
Rondae Hollis-Jefferson,2015,23,77.5,79,86,104,38,142,32,136,211,5,8.75,9.75,13,10.51,3.12
Tyus Jones,2015,24,72.25,74,77,97,32.5,129.5,26.5,123.5,185,6.5,8.25,8.75,2,11.89,3.32
Jarell Martin,2015,25,80,81.25,81.75,106.5,34.5,141,28.5,135,239,10.1,8.25,,19,11.12,3.27
Larry Nance,2015,27,79.5,80.5,85.5,108,37.5,145.5,29,137,227,6.4,9,9.75,10,10.89,3.25
R.J. Hunter,2015,28,76.5,78,82.5,104,33.5,137.5,27.5,131.5,185,6,8.5,8.25,1,10.97,3.26
Chris McCullough,2015,29,80.25,81,87.25,109,,,,,199,6.2,8.75,8.75,,,
Kevon Looney,2015,30,80,81.25,87.5,110,,,,,222,11.9,9.5,9.25,,,
Montrezl Harrell,2015,32,79,79.5,88.25,109,,,,,253,11.9,9,9.75,,,
Jordan Mickey,2015,33,79,80.25,87.25,106,37.5,143.5,33,139,238,7.2,8.75,9.5,9,11.8,3.28
Anthony Brown,2015,34,77.25,80.5,83.25,104.5,34.5,139,27.5,132,211,6.1,8.5,9,4,11.06,3.18
Rakeem Christmas,2015,36,80.25,81.75,89.25,110.5,,,29,139.5,243,9.6,9.25,,9,11.57,3.47
Richaun Holmes,2015,37,80.25,81.5,85.5,108,36,144,32.5,140.5,243,8.8,8.5,8.5,15,11.37,3.32
Pat Connaughton,2015,41,76,77.25,80.75,96,44,140,37.5,133.5,215,10.2,8.5,9.25,13,10.74,3.2
Olivier Hanlan,2015,42,75.25,76.25,78.5,100,34,134,28,128,186,4.3,8,8.75,19,11.36,3.25
Joseph Young,2015,43,72.75,74,77,94.5,40.5,135,34.5,129,182,4.1,8.25,7.5,9,10.74,3.25
Andrew Harrison,2015,44,76.5,77.5,81,100,33,133,26.5,126.5,213,5.9,8.25,9.25,,11.16,3.34
Marcus Thornton,2015,45,73.75,74.75,79.75,97.5,43,140.5,34.5,132,177,5.3,8.25,8.5,3,10.96,3.02
Norman Powell,2015,46,75,76.25,82.75,102.5,40.5,143,32.5,135,215,6.4,9.25,9,5,10.76,3.2
Dakari Johnson,2015,48,83,83.75,86,112,25,137,22.5,134.5,265,14.9,9.25,10.5,4,11.5,3.62
Aaron White,2015,49,79.75,80.75,83.5,106.5,35,141.5,30,136.5,220,8,8.25,9.25,7,11.62,3.38
Tyler Harvey,2015,51,74.75,76,77.5,98.5,28.5,127,26,124.5,181,9.2,7.75,8.75,1,10.52,3.44
Branden Dawson,2015,56,77.5,78.75,83,105,34.5,139.5,28.5,133.5,230,5.8,9,8.75,12,12.37,3.2
J.P. Tokoto,2015,58,77.25,78.25,82,100.5,40,140.5,34.5,135,196,4.1,8,8.75,12,11.01,3.27
Willie Cauley-Stein,2015,6,83.25,84.5,87,111,,,,,242,6.3,9.5,9,,,
Stanley Johnson,2015,8,77,78.5,83.5,102,,,,,242,7.5,9,9,,,
Frank Kaminsky,2015,9,83.75,84.75,83,109.5,,,,,231,9.4,8.5,9.5,,,
Aaron Harrison,2015,,76.5,78,80.25,100.5,34.5,135,28.5,129,209,6,8.3,10,1,,3.27
Alan Williams,2015,,79.25,80.25,85.75,106.5,28.5,135,25.5,132,261,12,8.5,9.5,8,12.07,3.5
Brandon Ashley,2015,,79.25,80.5,87.25,105,35.5,140.5,31.5,136.5,228,8.8,9,9.5,9,11.3,3.58
Chasson Randle,2015,,72.75,73.5,79,96.5,39.5,136,33.5,130,179,4.5,8.5,9.5,6,10.61,3.2
Chris Walker,2015,,80.75,81.25,86.75,108,37,145,30.5,138.5,208,5.1,9,9,6,11.32,3.35
Christian Wood,2015,,81.25,82.5,87.25,111.5,,,,,216,14.7,9.25,10.75,,,
Cliff Alexander,2015,,79.25,80.5,87.5,109.5,,,,,239,5.8,9.5,10.25,,,
Corey Hawkins,2015,,72.75,73.75,80,99.5,34,133.5,28.5,128,192,5.5,8.3,9,9,10.97,3.51
Dez Wells,2015,,75,76,81.5,100.5,39,139.5,31.5,132,209,8.1,8.75,9.75,15,10.75,3.2
George De Paula,2015,,76.5,77.5,84,104,34,138,28,132,197,6.7,9.5,10,6,11.38,3.45
Jonathan Holmes,2015,,80.25,81.25,83.5,107.5,31,138.5,25.5,133,242,7.2,8.25,9.5,,10.97,3.51
Keifer Sykes,2015,,70.5,71.75,74,93,43,136,34,127,167,5,8.5,9.5,8,10.5,3.13
Michael Frazier,2015,,75.75,76.25,80,101.5,35,136.5,24,125.5,199,7.4,8.25,9.25,10,10.8,3.32
Michael Qualls,2015,,76,77,84.25,104.5,39.5,144,34,138.5,201,4,9,10.25,9,11.88,
Mouhammadou Jaiteh,2015,,81.5,82.5,87.25,110.5,31.5,142,24.5,135,247,9.9,9,9.25,7,12.05,3.38
Quinn Cook,2015,,72.25,74,76,96.5,31,127.5,24.5,121,179,6.7,7.5,8.25,14,11.28,3.38
Robert Upshaw,2015,,82.75,84,89.5,113,,,,,258,12.5,10,11,,,
Ryan Boatright,2015,,70,71,72.5,92.5,41,133.5,32,124.5,170,6.6,7.5,8.75,10,10.79,3.26
T.J. McConnell,2015,,72.5,74,74,96.5,31.5,128,26,122.5,188,7.3,7.5,7,7,10.84,3.3
TaShawn Thomas,2015,,79.25,80,86,108,30.5,138.5,26,134,240,12.4,9,9.25,9,11.69,3.47
Terran Petteway,2015,,76.75,78,83.25,104.5,31,135.5,25,129.5,209,4.9,8.25,8.25,15,10.96,3.32
Treveon Graham,2015,,76.75,77.75,82.5,103,31.5,134.5,28.5,131.5,219,5.5,8.5,8.25,11,11.6,3.3
Vince Hunter,2015,,78.75,79.5,83,104.5,37.5,142,33.5,138,208,4.6,9,8.75,13,11.33,3.26
Thon Maker,2016,10,83.75,84.75,87,110.5,36.5,147,32,142.5,216,6.1,8.75,9.5,,11.15,3.33
Taurean Prince,2016,12,78.5,79.75,83.5,102,36,138,34,136,220,6.5,9,8.5,,10.96,3.24
Denzel Valentine,2016,14,76,77.75,82.75,102,32,134,27,129,210,9.2,8.5,9.75,,10.51,3.46
Justin Jackson,2016,15,79,80.25,82.75,103.5,34.5,138,29.5,133,193,7.6,8.75,8.75,,11.32,3.26
Wade Baldwin,2016,17,74.5,76,83.25,100,38,138,32.5,132.5,202,5.2,9,9.75,,10.45,3.19
Henry Ellenson,2016,18,82,83.5,86.25,108,,,,,242,11.2,8.5,9.75,,,
Malik Beasley,2016,19,75.5,76.5,79,100.5,,,,,190,6.9,8.5,9,,,
Caris LeVert,2016,20,77.75,79,82,101,,,,,191,7.6,8.5,9.25,,,
DeAndre Bembry,2016,21,76.25,77.75,81.25,101,38,139,32,133,207,7,8,9.25,,10.9,3.17
Malachi Richardson,2016,22,76.75,78.25,84,101.5,38,139.5,33,134.5,200,7,8.75,10,,10.56,3.33
Brice Johnson,2016,25,81,82.5,84.5,106.5,38,144.5,33.5,140,209,7.5,9,8.25,,11.88,3.2
Caleb Swanigan,2016,26,79.5,80.5,87.5,107,29,136,26,133,247,12.6,9,10.25,,12.8,
Pascal Siakam,2016,27,80.25,81.5,87.25,107.5,36.5,144,30.5,138,227,5.2,9.25,10,,11.25,3.41
Skal Labissiere,2016,28,82.5,83.75,86.5,105.5,,,,,216,5.7,8.75,9,,,
Jaylen Brown,2016,3,77.25,78.75,83.75,102.5,,,,,223,5.1,8.75,9,,,
Damian Jones,2016,30,82.25,83.5,87.75,107,37,144,36,143,244,6.6,8.75,10.5,,11.35,3.2
Josh Hart,2016,30,76,77.5,80.5,99.5,38.5,138,29.5,129,204,5.8,8.5,9.25,,11.15,3.2
Deyonta Davis,2016,31,81.25,82.5,86.5,108.5,,,,,237,9.7,9,9.25,,,
Cheick Diallo,2016,33,79.5,81,88.5,107.5,35,142.5,31,138.5,219,5.6,8.5,9.75,,11.24,3.26
Tyler Ulis,2016,34,68.75,70,74,88.5,38,126.5,32.5,121,149,5.2,7.5,7.5,,10.8,3.2
Malcolm Brogdon,2016,36,75.75,77.5,82.5,98,35.5,133.5,30.5,128.5,223,5.4,9,10.25,,10.77,3.31
Chinanu Onuaku,2016,37,81,82,86.75,108.5,33.5,142,27.5,136,245,8.6,9,8,,11.65,3.5
Patrick McCaw,2016,38,77.25,78.75,82,100.5,38,138.5,30,130.5,181,4.7,8.75,8.75,,11.01,3.3
Diamond Stone,2016,40,81,82.25,86.75,108.5,29.5,138,27,135.5,254,12.9,8.5,7.75,,12.02,3.5
Stephen Zimmerman,2016,41,82.25,83.75,87.25,108.5,31,139.5,26,134.5,234,11.2,9,9,,12.08,3.43
Isaiah Whitehead,2016,42,75.25,76.5,80.75,100,35.5,135.5,27.5,127.5,210,9.3,8.5,8.75,,11.65,3.34
Zhou Qi,2016,43,85.25,86.25,91.75,112.5,32,144.5,31.5,144,218,4.9,9.25,9.5,,11.27,3.46
Demetrius Jackson,2016,45,72,73.25,77.5,93,43.5,136.5,37.5,130.5,194,6.5,8.25,9,,10.81,3.25
Jake Layman,2016,47,80,81.25,81.25,102,39.5,141.5,33,135,209,7.1,8.25,9.25,,11.35,3.24
Michael Gbinije,2016,49,77.5,78.75,79.5,101,37.5,138.5,33.5,134.5,205,5.4,8,9,,11,3.12
Kris Dunn,2016,5,75,76.25,81.5,100,,,,,,,,,,,
Georges Niang,2016,50,78.75,80.5,82,103,31,134,25,128,231,10.1,9.25,9.25,,11.64,3.49
Ben Bentil,2016,51,79.25,80.25,85.5,105,33,138,29,134,229,9.7,9.5,10,,11.16,3.3
Joel Bolomboy,2016,52,79.5,81,85.75,103.5,40.5,144,37.5,141,224,5.2,9,10.25,,10.26,3.17
Kay Felder,2016,54,68.25,69.5,74.5,88.5,44,132.5,35.5,124,177,5.8,8.25,8.5,,11.52,3.15
Marcus Paige,2016,55,72.5,73.75,78.25,97,39.5,136.5,33.5,130.5,164,4.3,7.75,8.75,,10.82,3.15
Daniel Hamilton,2016,56,78.25,80,81,103.5,29,132.5,26,129.5,197,6,9,8.5,,11.48,3.4
Isaiah Cousins,2016,59,75.25,76.5,78.25,98.5,37,135.5,30.5,129,194,4.8,8.25,8.75,,10.79,3.24
Jaron Blossomgame,2016,59,78.25,79.25,82,102,41,143,35,137,214,5.3,8.5,10,,11.53,3.2
Buddy Hield,2016,6,75.75,77,81.25,101,,,,,212,6.1,8.5,9,,,
Marquese Chriss,2016,8,80.75,82,84.25,105,38.5,143.5,32.5,137.5,233,8.5,9,9,,11.93,3.26
Jakob Poeltl,2016,9,84.25,85,86.75,111.5,,,,,239,5.8,9.25,10.25,,,
A.J. English,2016,,74,75,82,98.5,35.5,134,29.5,128,182,5.3,8.75,8.5,,12.27,3.28
Cat Barber,2016,,73.5,74.75,77.5,95.5,,,,,173,4.5,8,8.5,,,
Dedric Lawson,2016,,79,80,86.5,106.5,28,134.5,22.5,129,225,11.1,9.5,9.5,,12.48,3.65
Dorian Finney-Smith,2016,,78.5,79.75,83.75,105.5,35.5,141,32.5,138,213,6.5,9,9.75,,11.01,3.27
Elgin Cook,2016,,77,78.25,82,100.5,,,,,210,6.4,8.5,10.25,,,
Gary Payton II,2016,,74,75,80,99.5,38.5,138,31.5,131,184,4,8.75,9.5,,11.57,3.23
Isaiah Miles,2016,,78.75,79.75,82.5,105,31.5,136.5,24,129,220,9.6,9,9.5,,11.76,3.39
Jarrod Uthoff,2016,,80.5,81.75,83.5,104,34.5,138.5,29,133,214,6,8.75,9,,11.52,3.5
Kyle Wiltjer,2016,,80.75,82,84.25,102.5,35.5,138,28.5,131,243,15.3,8.25,9.5,,11.35,3.48
Malik Newman,2016,,74.25,75.5,77.75,97.5,35.5,133,30,127.5,182,5.6,8.25,9.25,,10.88,3.28
Marcus Lee,2016,,81,82.25,87,107.5,35.5,143,28.5,136,211,5.4,9,9,,11.68,3.25
Melo Trimble,2016,,73.25,74.5,74,92.5,35.5,128,26.5,119,192,8.4,8,8.75,,10.57,3.2
Nigel Hayes,2016,,78.25,79.25,87,107.5,28.5,136,25.5,133,245,10.9,8.5,9.5,,12.11,3.2
Perry Ellis,2016,,79,80.25,82.25,102,38,140,32,134,218,4.6,8,8.5,,10.73,3.13
Robert Carter,2016,,78.75,80.5,87.25,106.5,30.5,137,24.5,131,251,12.5,8.75,9.5,,11.97,3.65
Ron Baker,2016,,75.25,76.25,81.75,97.5,35.5,133,30,127.5,212,7.9,8.75,9.5,,10.77,3.45
Sheldon McClellan,2016,,77,78.25,79,99.5,41.5,141,35,134.5,198,4.8,8,8,,10.45,3.26
Troy Williams,2016,,77.75,78.75,80.25,102,36,138,30,132,218,10,8.25,9.25,,10.72,3.35
Wayne Selden,2016,,76.25,77.75,82.5,101,,,,,232,7.3,9,9.25,,,
Zach Collins,2017,10,82.25,84,85,111,,,,,232,8.9,8.75,9.25,,,
Luke Kennard,2017,12,76.5,77.5,77.25,98.5,,,,,196,6.6,8,8.75,,,
Donovan Mitchell,2017,13,73.25,75,82,97,40.5,137.5,36.5,133.5,211,5.9,8.5,9.5,,11.53,3.01
Bam Adebayo,2017,14,80.75,81.75,86.75,108,38.5,146.5,33.5,141.5,243,5.2,9.5,8.75,,11.94,3.24
Justin Patton,2017,16,82,83.25,87,111.5,30.5,142,26,137.5,229,7.8,8.75,9.75,,11.8,3.46
D.J. Wilson,2017,17,80.75,82.5,87,109.5,,,,,234,6.4,9.25,10.25,,,
T.J. Leaf,2017,18,80.75,81.75,83,107,34.5,141.5,29,136,222,6.8,8.5,9.5,,11.55,3.27
John Collins,2017,19,80.25,81.5,83.25,106.5,37.5,144,33,139.5,225,5.4,9,10,,11.66,3.27
Harry Giles,2017,20,81.25,82.5,87.25,109.5,32.5,142,27,136.5,232,5.2,9.5,10.75,,11.08,3.34
Terrance Ferguson,2017,21,77.5,79,80.75,103,38,141,28.5,131.5,184,5.8,8.5,10,,11.16,3.32
Jarrett Allen,2017,22,81,82.25,89.25,109.5,35.5,145,31.5,141,234,7.4,9.5,10.5,,11.82,3.21
OG Anunoby,2017,23,78.25,79.75,86.25,107.5,,,,,232,6.8,9.25,9.5,,,
Tyler Lydon,2017,24,80.25,81.5,84,107.5,33.5,141,29.5,137,215,13.6,8.75,8.75,,11.68,3.46
Kyle Kuzma,2017,27,80,81.5,84.25,107.5,34,141.5,27,134.5,223,9.4,8.5,9.5,,10.72,3.25
Tony Bradley,2017,28,81.25,82.75,89,112.5,27.5,140,24.5,137,249,12,9.5,9.5,,11.79,3.44
Derrick White,2017,29,75.25,76.5,79.5,101.5,36.5,138,35.5,137,190,6.2,8.25,8.5,,10.84,3.08
Frank Jackson,2017,31,74,75.5,79.5,98,42,140,35.5,133.5,202,6.7,8.25,9,,10.94,3.14
Davon Reed,2017,32,76.5,77.5,84,102,36,138,28.5,130.5,206,6.5,9.25,9.5,,11.37,3.34
Wesley Iwundu,2017,33,77.5,78.75,85,105.5,36,141.5,31.5,137,193,4,8.75,9.5,,11.25,3.36
Frank Mason,2017,34,71,72,75.25,94,41,135,34,128,189,4.3,8,9.25,,11.41,3.18
Ivan Rabb,2017,35,80.75,82,85.5,109,32.5,141.5,28.5,137.5,220,6.8,8.75,9,,12.68,3.35
Semi Ojeleye,2017,37,77.25,78.75,81.75,102,40.5,142.5,35,137,241,5.5,8.75,9.5,,10.58,3.16
Jordan Bell,2017,38,79,80.5,83.75,104.5,38,142.5,31.5,136,224,5.4,9.25,9.5,,10.63,3.21
Jawun Evans,2017,39,70.75,71.5,77.5,95,33.5,128.5,27.5,122.5,185,9.1,8,7.75,,11.34,3.21
Dwayne Bacon,2017,40,76.75,78.25,82,103.5,36.5,140,30,133.5,222,7.9,8.75,10,,11.7,3.22
Tyler Dorsey,2017,41,75,76.5,77.25,99.5,36,135.5,30.5,130,183,4.7,8.5,9.25,,10.55,3.16
Thomas Bryant,2017,42,81.5,82.75,90,112.5,33,145.5,25.5,138,248,9.4,9.5,10.25,,11.42,3.37
Damyean Dotson,2017,44,76.5,77.5,81,100,38,138,31.5,131.5,205,5.3,8.5,9.25,,11.18,3.13
Dillon Brooks,2017,45,77,78,78,100.5,37.5,138,31,131.5,220,7.5,8.25,9.25,,11.14,3.21
Ike Anigbogu,2017,47,80.5,81.75,90.25,110.5,32.5,143,29.5,140,252,5.4,9.5,10,,12.52,3.44
Sindarius Thornwell,2017,48,75.5,76.75,82,103,30.5,133.5,27,130,212,7.8,8.75,8.75,,11.48,3.36
De'Aaron Fox,2017,5,74,75.25,78.5,100,,,,,170,4.5,8.5,8.5,,,
Monte Morris,2017,51,73.25,74.5,76,96.5,33.5,130,28,124.5,175,6.9,8.25,8.75,,11,3.19
Edmond Sumner,2017,52,76,77.75,81,102.5,,,,,176,8.3,8.25,9,,,
Kadeem Allen,2017,53,73,74.25,81.25,99.5,35.5,135,33,132.5,192,6.4,8.5,8.75,,11.24,3.15
Alec Peters,2017,54,79.25,80.75,82.75,105,,,,,232,8.8,8.75,10,,,
Nigel Williams-Goss,2017,55,73.5,75,79.25,99,34.5,133.5,27.5,126.5,190,5.6,8.75,9.25,,10.42,3.19
Andrew Jones,2017,,75,76.25,78.5,99.5,35,134.5,27,126.5,185,4.9,8.5,9,,11.38,3.35
Cameron Oliver,2017,,79,80.25,85.25,106.5,39.5,146,28,134.5,239,7.7,9.5,10.25,,12.17,3.16
Chris Boucher,2017,,80,81.5,88,110.5,,,,,182,5.4,9.25,10.5,,,
Derrick Walton,2017,,71,72.75,74.5,95,32.5,127.5,26,121,189,5.8,8,8.5,,11.28,3.29
Devin Robinson,2017,,79,80.25,84.75,106,41.5,147.5,35.5,141.5,190,3.2,9.25,10.25,,12.85,3.23
Eric Mika,2017,,80.5,81.75,82,106.5,32,138.5,29,135.5,233,6.5,8.25,8.75,,11.71,3.38
Hamidou Diallo,2017,,75.75,77,83.25,101.5,44.5,146,34.5,136,197,5.2,8.5,9.5,,10.88,3.11
Isaiah Briscoe,2017,,73.25,74.75,81,99.5,33.5,133,28,127.5,222,11,9,9.25,,10.95,3.38
Isaiah Hicks,2017,,79.25,80.5,84.5,105,37,142,31.5,136.5,233,7.7,8.75,9.75,,12.31,3.36
Jamel Artis,2017,,77.5,78.75,82,105,31,136,23.5,128.5,213,11.9,9.25,9.75,,11.62,3.44
Johnathan Motley,2017,,79.75,80.75,88,108,,,,,238,,9,9.5,,,
Jonathan Jeanne,2017,,84.75,86,90.5,113.5,31.5,145,29,142.5,207,8.7,9.5,10,,12.61,3.36
Justin Jackson (Canada),2017,,77.75,79,87.25,107,31.5,138.5,26.5,133.5,219,8.1,9,9.5,,11.78,3.43
Kennedy Meeks,2017,,80.75,82.25,85,106,30.5,136.5,28,134,277,11.5,8.75,8.75,,12.91,3.5
Kobi Simmons,2017,,75.25,76.5,78,99,38.5,137.5,30.5,129.5,166,5,8.5,9.5,,11.15,3.18
Moritz Wagner,2017,,82,83.25,84,108,32.5,140.5,25.5,133.5,231,6.7,8.75,10.75,,12,3.35
Omer Yurtseven,2017,,82.5,83.75,85,108.5,31.5,140,26,134.5,248,7.6,9,10.5,,12.85,3.45
P.J. Dozier,2017,,77.25,78.75,83,101,39,140,34,135,201,6.1,8.5,9.5,,10.84,3.15
Peter Jok,2017,,76.25,77.75,80,102,31,133,26.5,128.5,202,11,8.25,9.5,,11.34,3.41
Rawle Alkins,2017,,74.5,75.75,80.75,99,40.5,139.5,31.5,130.5,223,11,8.75,10,,11.99,3.3
Sviatoslav Mykhailiuk,2017,,78.5,79.5,77,100,33,133,27,127,220,11.4,8,9.25,,12.4,3.53
Thomas Welsh,2017,,83.5,84.5,84,109.5,,,,,254,10.9,9,10.5,,,
V.J. Beachem,2017,,78.25,80,82.25,104.5,37,141.5,30,134.5,193,6.8,8.5,9,,11.18,3.26
